-- phpMyAdmin SQL Dump
-- version 4.9.2
-- https://www.phpmyadmin.net/
--
-- Host: 127.0.0.1
-- Generation Time: Jan 14, 2020 at 11:55 AM
-- Server version: 10.4.10-MariaDB
-- PHP Version: 7.3.12

SET SQL_MODE = "NO_AUTO_VALUE_ON_ZERO";
SET AUTOCOMMIT = 0;
START TRANSACTION;
SET time_zone = "+00:00";


/*!40101 SET @OLD_CHARACTER_SET_CLIENT=@@CHARACTER_SET_CLIENT */;
/*!40101 SET @OLD_CHARACTER_SET_RESULTS=@@CHARACTER_SET_RESULTS */;
/*!40101 SET @OLD_COLLATION_CONNECTION=@@COLLATION_CONNECTION */;
/*!40101 SET NAMES utf8mb4 */;

--
-- Database: `eapi`
--
CREATE DATABASE IF NOT EXISTS `eapi` DEFAULT CHARACTER SET utf8mb4 COLLATE utf8mb4_general_ci;
USE `eapi`;

-- --------------------------------------------------------

--
-- Table structure for table `failed_jobs`
--

CREATE TABLE `failed_jobs` (
  `id` bigint(20) UNSIGNED NOT NULL,
  `connection` text COLLATE utf8mb4_unicode_ci NOT NULL,
  `queue` text COLLATE utf8mb4_unicode_ci NOT NULL,
  `payload` longtext COLLATE utf8mb4_unicode_ci NOT NULL,
  `exception` longtext COLLATE utf8mb4_unicode_ci NOT NULL,
  `failed_at` timestamp NOT NULL DEFAULT current_timestamp()
) ENGINE=InnoDB DEFAULT CHARSET=utf8mb4 COLLATE=utf8mb4_unicode_ci;

-- --------------------------------------------------------

--
-- Table structure for table `migrations`
--

CREATE TABLE `migrations` (
  `id` int(10) UNSIGNED NOT NULL,
  `migration` varchar(255) COLLATE utf8mb4_unicode_ci NOT NULL,
  `batch` int(11) NOT NULL
) ENGINE=InnoDB DEFAULT CHARSET=utf8mb4 COLLATE=utf8mb4_unicode_ci;

--
-- Dumping data for table `migrations`
--

INSERT INTO `migrations` (`id`, `migration`, `batch`) VALUES
(1, '2014_10_12_000000_create_users_table', 1),
(2, '2014_10_12_100000_create_password_resets_table', 1),
(3, '2019_08_19_000000_create_failed_jobs_table', 1),
(4, '2020_01_14_080626_create_products_table', 1);

-- --------------------------------------------------------

--
-- Table structure for table `password_resets`
--

CREATE TABLE `password_resets` (
  `email` varchar(255) COLLATE utf8mb4_unicode_ci NOT NULL,
  `token` varchar(255) COLLATE utf8mb4_unicode_ci NOT NULL,
  `created_at` timestamp NULL DEFAULT NULL
) ENGINE=InnoDB DEFAULT CHARSET=utf8mb4 COLLATE=utf8mb4_unicode_ci;

-- --------------------------------------------------------

--
-- Table structure for table `products`
--

CREATE TABLE `products` (
  `id` bigint(20) UNSIGNED NOT NULL,
  `name` varchar(255) COLLATE utf8mb4_unicode_ci NOT NULL,
  `detail` text COLLATE utf8mb4_unicode_ci NOT NULL,
  `price` int(11) NOT NULL,
  `stock` int(11) NOT NULL,
  `discount` int(11) NOT NULL,
  `created_at` timestamp NULL DEFAULT NULL,
  `updated_at` timestamp NULL DEFAULT NULL
) ENGINE=InnoDB DEFAULT CHARSET=utf8mb4 COLLATE=utf8mb4_unicode_ci;

--
-- Dumping data for table `products`
--

INSERT INTO `products` (`id`, `name`, `detail`, `price`, `stock`, `discount`, `created_at`, `updated_at`) VALUES
(301, 'dicta', 'Placeat accusantium vitae magnam rerum ut illum id distinctio. Voluptatem molestiae rerum voluptatem sit eos. Aspernatur laboriosam sed sequi ipsam officiis. Amet odio quis esse id veritatis voluptatem voluptatibus.', 798, 2, 11, '2020-01-14 05:20:06', '2020-01-14 05:20:06'),
(302, 'ipsam', 'Itaque vitae est quod rerum sit corporis officia. Et beatae delectus laudantium. Dicta dolores voluptate nesciunt magnam animi corrupti accusantium.', 291, 7, 9, '2020-01-14 05:20:06', '2020-01-14 05:20:06'),
(303, 'libero', 'Tempora distinctio in corporis ut autem ut. Sit illo voluptates odit dolor omnis provident. Eaque non laudantium magni et. Repellat reiciendis ut et voluptas reiciendis.', 182, 0, 30, '2020-01-14 05:20:07', '2020-01-14 05:20:07'),
(304, 'temporibus', 'Exercitationem earum quod ut error enim officiis doloremque. Dolorem aut culpa corrupti odit facilis ad deleniti. Consequatur adipisci voluptate quisquam tempora dolor exercitationem nam.', 328, 1, 17, '2020-01-14 05:20:07', '2020-01-14 05:20:07'),
(305, 'ad', 'Ex architecto earum neque placeat et soluta adipisci. Vel fugit ullam dolores in et et voluptas. Hic doloremque magni eligendi cumque quia ut nesciunt et.', 825, 5, 14, '2020-01-14 05:20:07', '2020-01-14 05:20:07'),
(306, 'necessitatibus', 'Vel blanditiis autem tempore. Ullam veritatis aspernatur cumque alias. Eius aliquid aperiam deserunt consequatur in sed. Suscipit aliquam amet et et unde aperiam.', 446, 1, 28, '2020-01-14 05:20:07', '2020-01-14 05:20:07'),
(307, 'qui', 'Voluptatum esse dolor laborum dolorem iste eos quia. Repellendus omnis sapiente id id. Quia dicta voluptate nam eum qui sint. Minima placeat sed ipsum tenetur possimus rem.', 884, 5, 22, '2020-01-14 05:20:07', '2020-01-14 05:20:07'),
(308, 'qui', 'Nihil vel totam nisi voluptatum consequatur modi velit. Sed similique deserunt exercitationem expedita tempora. Magni quaerat magni quod rerum officia voluptas asperiores.', 312, 1, 11, '2020-01-14 05:20:07', '2020-01-14 05:20:07'),
(309, 'neque', 'Qui velit ut itaque occaecati. Et quisquam inventore delectus est minus ut. Eum eligendi sint qui consequatur corporis laboriosam unde. Dicta unde quibusdam numquam porro ab non molestiae.', 752, 5, 17, '2020-01-14 05:20:07', '2020-01-14 05:20:07'),
(310, 'sed', 'Voluptatem ipsa repellat magnam quia commodi quia. Animi magni nesciunt possimus quis.', 684, 8, 26, '2020-01-14 05:20:07', '2020-01-14 05:20:07'),
(311, 'officiis', 'Hic deserunt error blanditiis vel. Repellat perferendis qui quia quasi alias quisquam expedita. Enim et corrupti ipsam perspiciatis occaecati omnis quisquam.', 891, 8, 30, '2020-01-14 05:20:07', '2020-01-14 05:20:07'),
(312, 'voluptatem', 'Odit aut autem recusandae deleniti. Autem omnis cum aut quia quas voluptatem. Qui sapiente beatae labore id aut autem. Quaerat maiores quibusdam cum accusamus minima animi.', 625, 2, 26, '2020-01-14 05:20:07', '2020-01-14 05:20:07'),
(313, 'iste', 'Tempora molestias at voluptatem pariatur sit nemo. Rerum maiores porro in at placeat.', 348, 2, 26, '2020-01-14 05:20:07', '2020-01-14 05:20:07'),
(314, 'in', 'Maiores ipsa amet harum laborum autem molestiae. Dolorum labore cum at labore sequi. Alias veritatis facere eum optio odio officia.', 200, 3, 24, '2020-01-14 05:20:07', '2020-01-14 05:20:07'),
(315, 'repellat', 'Qui omnis impedit sed rem et quo ut ut. Blanditiis dolores perferendis voluptatibus velit. Fuga tenetur accusamus nesciunt odio velit. Distinctio aut nihil maiores.', 529, 2, 24, '2020-01-14 05:20:07', '2020-01-14 05:20:07'),
(316, 'voluptatem', 'Quis eveniet ullam numquam. Harum delectus quia ipsam qui et rerum eaque. Fugit recusandae qui sint assumenda voluptatum.', 154, 3, 26, '2020-01-14 05:20:07', '2020-01-14 05:20:07'),
(317, 'et', 'Non culpa placeat veritatis. Velit sed odit officiis. Ut aut architecto dolor.', 698, 7, 20, '2020-01-14 05:20:07', '2020-01-14 05:20:07'),
(318, 'repellendus', 'Eveniet aut sit voluptatem quidem in. Incidunt voluptas aut molestiae excepturi et dolore eum.', 528, 1, 11, '2020-01-14 05:20:07', '2020-01-14 05:20:07'),
(319, 'ullam', 'Possimus in nulla aperiam sed quidem. Reiciendis aspernatur molestiae ut dicta aliquid. Est voluptas illo unde perspiciatis reprehenderit dolorum quidem. Omnis recusandae voluptate corporis sit nostrum cupiditate.', 389, 4, 30, '2020-01-14 05:20:07', '2020-01-14 05:20:07'),
(320, 'dolorem', 'Ipsa sed iusto aut aliquid voluptatem fugiat. Eius exercitationem voluptates voluptas quibusdam nobis odit. Pariatur molestiae deserunt beatae aut.', 817, 5, 30, '2020-01-14 05:20:07', '2020-01-14 05:20:07'),
(321, 'enim', 'Consequatur corporis distinctio incidunt quaerat officia non. Deleniti suscipit alias suscipit sunt. Iusto reiciendis fugit rerum error dolores qui corrupti.', 188, 6, 11, '2020-01-14 05:20:07', '2020-01-14 05:20:07'),
(322, 'vel', 'Iusto omnis sunt quisquam quae dolores. Et eveniet qui possimus voluptatem deserunt sit voluptas. Incidunt amet ut ea deserunt nemo vitae temporibus fuga.', 918, 0, 11, '2020-01-14 05:20:08', '2020-01-14 05:20:08'),
(323, 'aut', 'Dignissimos odit autem modi rerum quia error. Enim nesciunt facilis nemo accusamus. Ut exercitationem iusto aut dolores tempore iste maiores. Veritatis repellat vitae nulla inventore saepe et minus.', 343, 8, 11, '2020-01-14 05:20:08', '2020-01-14 05:20:08'),
(324, 'dolor', 'Dolores mollitia et dolorum et perferendis consequatur numquam laboriosam. Omnis consequatur est et. Eius non quod itaque sunt.', 564, 2, 3, '2020-01-14 05:20:08', '2020-01-14 05:20:08'),
(325, 'tenetur', 'Consectetur beatae velit odit soluta. Alias quo vel enim omnis inventore et. Praesentium nam animi repellendus beatae inventore maxime.', 335, 8, 30, '2020-01-14 05:20:08', '2020-01-14 05:20:08'),
(326, 'error', 'In provident id eligendi consequuntur. Maiores rerum dicta non et dolores.', 343, 9, 17, '2020-01-14 05:20:08', '2020-01-14 05:20:08'),
(327, 'alias', 'Voluptas et placeat voluptas impedit delectus unde aliquid. Quaerat voluptas aut et soluta eum ratione perspiciatis. Fuga fugiat sed et.', 111, 6, 17, '2020-01-14 05:20:08', '2020-01-14 05:20:08'),
(328, 'nulla', 'Autem qui soluta molestiae optio voluptatem voluptas ab. Ullam eum voluptatem voluptatem consectetur delectus. Occaecati modi et aut velit praesentium. Odit deserunt et aut aliquid.', 379, 9, 7, '2020-01-14 05:20:08', '2020-01-14 05:20:08'),
(329, 'voluptatibus', 'Voluptatem ut voluptatum reiciendis velit ex. Nihil sit impedit fuga reprehenderit eligendi. Ex ea labore dolor suscipit. Ipsa ut ducimus tempore qui dignissimos sequi ratione et.', 344, 7, 10, '2020-01-14 05:20:08', '2020-01-14 05:20:08'),
(330, 'veniam', 'Sint commodi voluptatum quia rem debitis. Est itaque ut ut non. Fugiat officiis illum ullam qui veniam culpa omnis. Eaque ipsam rerum sed unde aut provident ut occaecati.', 971, 7, 28, '2020-01-14 05:20:08', '2020-01-14 05:20:08'),
(331, 'aspernatur', 'Nisi alias quod aut consequatur. Harum odio fugit assumenda ipsum aut. Enim dolor dicta accusantium.', 440, 4, 14, '2020-01-14 05:20:08', '2020-01-14 05:20:08'),
(332, 'aperiam', 'Incidunt sunt quibusdam dignissimos quam et cupiditate et. Nam deleniti illum consectetur vel architecto quaerat eos. Quaerat commodi rerum esse aut quasi error cumque rem.', 953, 7, 17, '2020-01-14 05:20:08', '2020-01-14 05:20:08'),
(333, 'veniam', 'Et eum in iure molestiae. Ipsa quia rem ex est est suscipit laborum. Unde non consequatur id dignissimos id. Repellendus ducimus molestiae quos quia non blanditiis vero.', 485, 6, 8, '2020-01-14 05:20:08', '2020-01-14 05:20:08'),
(334, 'nesciunt', 'Blanditiis recusandae et eius delectus ut deserunt qui. Illum perspiciatis soluta cum iure. Consequuntur consequatur ut et id quo repudiandae. Consectetur corporis ut adipisci aut aut tempora maiores similique.', 383, 2, 25, '2020-01-14 05:20:08', '2020-01-14 05:20:08'),
(335, 'doloremque', 'Vel rerum aperiam quaerat ea dolor neque. Saepe sapiente accusamus minima incidunt minus. Maiores est atque accusamus sunt perspiciatis quod.', 847, 0, 21, '2020-01-14 05:20:08', '2020-01-14 05:20:08'),
(336, 'quam', 'Quia occaecati ut qui. Reiciendis quibusdam eius non blanditiis ut aspernatur.', 220, 6, 21, '2020-01-14 05:20:08', '2020-01-14 05:20:08'),
(337, 'hic', 'Vel in perspiciatis facere dolor. Vitae et quis ex assumenda aut. Cum debitis et accusamus repellat voluptatibus cum. Et ducimus aut numquam ipsa.', 280, 3, 26, '2020-01-14 05:20:08', '2020-01-14 05:20:08'),
(338, 'dolor', 'Nobis quasi nostrum architecto incidunt nam. Sit magnam repellendus commodi libero nihil facilis expedita. Impedit reiciendis unde assumenda voluptas.', 400, 0, 5, '2020-01-14 05:20:08', '2020-01-14 05:20:08'),
(339, 'in', 'Omnis sit eos optio nostrum illo fugiat est. Magnam quis ad et ipsum. Magni rerum soluta in consectetur ab atque ad veniam. Rerum consequatur cumque laborum voluptatum commodi officiis qui ducimus.', 798, 2, 9, '2020-01-14 05:20:08', '2020-01-14 05:20:08'),
(340, 'ut', 'Aut eum ut enim alias dignissimos cupiditate. Est est fugit vel qui impedit quasi. Eum sunt corporis quia aspernatur. Velit nihil quasi sed. Beatae labore inventore eos praesentium voluptas temporibus.', 742, 8, 23, '2020-01-14 05:20:08', '2020-01-14 05:20:08'),
(341, 'rerum', 'Inventore delectus ducimus sed vel earum. Praesentium suscipit iure molestias expedita id id. Autem et odit repudiandae. Totam hic culpa dolorem recusandae.', 664, 0, 25, '2020-01-14 05:20:08', '2020-01-14 05:20:08'),
(342, 'id', 'Iure qui facilis quia maiores iusto excepturi soluta blanditiis. Omnis accusamus qui sunt nam et maxime mollitia. Enim quidem consectetur rerum accusantium. Repudiandae cum et qui dolores quo nihil quos.', 631, 0, 21, '2020-01-14 05:20:08', '2020-01-14 05:20:08'),
(343, 'est', 'Dolore sint rerum eligendi enim qui omnis. Dicta fugit porro quod. Iusto ipsum commodi nobis deserunt iure impedit delectus commodi.', 654, 9, 22, '2020-01-14 05:20:08', '2020-01-14 05:20:08'),
(344, 'hic', 'Qui provident voluptatem dolorem distinctio eveniet. Eos doloribus delectus ut. Nihil laborum et consequuntur tempora. Ullam libero ut quia ad velit est eum. Provident repellat sunt qui nobis.', 365, 3, 3, '2020-01-14 05:20:08', '2020-01-14 05:20:08'),
(345, 'sunt', 'Eaque laborum expedita omnis quae. Labore culpa fugit cupiditate minima quos. Vero veritatis vel molestias sapiente. Non sequi minima inventore eum iusto animi harum.', 696, 1, 18, '2020-01-14 05:20:08', '2020-01-14 05:20:08'),
(346, 'rerum', 'Eos rerum impedit hic enim debitis earum fugit. Qui suscipit sit nobis maiores aut facere nostrum. Suscipit sit hic maxime quis quia omnis eum.', 729, 5, 19, '2020-01-14 05:20:08', '2020-01-14 05:20:08'),
(347, 'est', 'Sit inventore quis sed perferendis autem amet. Eveniet vel nam veritatis autem culpa sit. Ut voluptates voluptatum quibusdam deserunt ut ad. Eius voluptatibus eaque exercitationem minus.', 770, 6, 21, '2020-01-14 05:20:08', '2020-01-14 05:20:08'),
(348, 'odio', 'Rerum sunt nulla eius odit repellat qui dignissimos. Et sit officiis placeat rerum. Iure blanditiis quidem modi provident amet voluptate. Facilis magni veritatis a in doloremque quia.', 999, 2, 30, '2020-01-14 05:20:09', '2020-01-14 05:20:09'),
(349, 'neque', 'Est harum et animi qui itaque iure et ea. Aut quia dignissimos qui culpa eos. Qui est unde fugit consequatur et delectus soluta.', 858, 0, 8, '2020-01-14 05:20:09', '2020-01-14 05:20:09'),
(350, 'rerum', 'Alias mollitia soluta aspernatur ducimus consectetur voluptatem. Consequatur ea voluptatem qui cumque vel illo.', 306, 3, 12, '2020-01-14 05:20:09', '2020-01-14 05:20:09');

-- --------------------------------------------------------

--
-- Table structure for table `reviews`
--

CREATE TABLE `reviews` (
  `id` bigint(20) UNSIGNED NOT NULL,
  `product_id` int(10) UNSIGNED NOT NULL,
  `cutomer` varchar(255) COLLATE utf8mb4_unicode_ci NOT NULL,
  `review` text COLLATE utf8mb4_unicode_ci NOT NULL,
  `star` int(11) NOT NULL,
  `created_at` timestamp NULL DEFAULT NULL,
  `updated_at` timestamp NULL DEFAULT NULL
) ENGINE=InnoDB DEFAULT CHARSET=utf8mb4 COLLATE=utf8mb4_unicode_ci;

--
-- Dumping data for table `reviews`
--

INSERT INTO `reviews` (`id`, `product_id`, `cutomer`, `review`, `star`, `created_at`, `updated_at`) VALUES
(301, 344, 'Kailey Towne', 'Dicta magnam ad minima qui laboriosam nesciunt et. Ea corporis deserunt sit. Voluptates veniam rerum amet dolore sed illum saepe.', 4, '2020-01-14 05:20:09', '2020-01-14 05:20:09'),
(302, 301, 'Rhianna Veum V', 'Vero fugit deleniti recusandae possimus temporibus. Quasi et et qui consequatur sequi nulla sunt. Quis quia sit in porro. Dicta est omnis maxime error maxime.', 1, '2020-01-14 05:20:09', '2020-01-14 05:20:09'),
(303, 329, 'Dock Sanford', 'Quisquam et dolorem laboriosam et incidunt saepe aliquid. Velit fuga id nobis nobis nisi in aut sequi. Est eum et hic exercitationem tempora reiciendis laudantium sint.', 4, '2020-01-14 05:20:09', '2020-01-14 05:20:09'),
(304, 347, 'Lavon Stark', 'Tempore ut excepturi officia voluptatem. Sit et laborum qui aut aut in. Qui eaque alias sequi eum est enim laudantium.', 4, '2020-01-14 05:20:09', '2020-01-14 05:20:09'),
(305, 320, 'Margaretta Kris', 'Qui quia quos et quia ut quia. Et unde rerum ab omnis tempore deleniti nesciunt. Aspernatur nulla quo velit nulla cupiditate.', 3, '2020-01-14 05:20:09', '2020-01-14 05:20:09'),
(306, 346, 'Ms. Ocie Lindgren', 'Ea similique pariatur et est quis expedita. Illo non quisquam omnis. Fugiat sed error maiores et doloremque vel assumenda.', 4, '2020-01-14 05:20:09', '2020-01-14 05:20:09'),
(307, 334, 'Ottilie Dickinson MD', 'Neque saepe dolor autem qui omnis. Non culpa dolores sit dolore. At qui velit consequatur. Quia perferendis sit cupiditate excepturi vel.', 1, '2020-01-14 05:20:09', '2020-01-14 05:20:09'),
(308, 333, 'Eulah Gislason', 'Consectetur maxime omnis ab repudiandae ea provident atque. Itaque veniam nam et cumque assumenda ab quo. Rerum non vero eius provident.', 0, '2020-01-14 05:20:09', '2020-01-14 05:20:09'),
(309, 333, 'Santos Botsford', 'Alias harum laborum ullam. Rem velit sit officiis minus ut vitae consequatur recusandae.', 5, '2020-01-14 05:20:09', '2020-01-14 05:20:09'),
(310, 322, 'Glennie Frami', 'Laudantium nihil maiores occaecati accusantium consequatur ex illo. Delectus aut unde recusandae autem aut et. Deserunt et veritatis qui sit magnam sint.', 4, '2020-01-14 05:20:09', '2020-01-14 05:20:09'),
(311, 335, 'Verda Gleason', 'Voluptates molestiae quia excepturi repudiandae ratione facilis facere. Incidunt illum iusto modi vel iusto. Minima autem qui architecto quo unde. Qui provident provident nemo corrupti.', 0, '2020-01-14 05:20:09', '2020-01-14 05:20:09'),
(312, 304, 'Sammie Jakubowski', 'Vitae et et omnis reprehenderit. Dolores reiciendis ea veritatis eligendi rerum. Ut corporis nulla sit ratione id.', 5, '2020-01-14 05:20:09', '2020-01-14 05:20:09'),
(313, 343, 'Anissa Becker', 'Doloribus ut facere quos sit ipsa. Saepe dolorem deleniti laudantium ab. Aut possimus impedit nihil facere enim amet. Quaerat veritatis voluptatibus occaecati ut at fugiat eius.', 1, '2020-01-14 05:20:09', '2020-01-14 05:20:09'),
(314, 303, 'Alfonzo Conn', 'Ipsa est voluptates et ea. Tempore et qui eos vero recusandae consequatur rerum. Voluptatem unde adipisci necessitatibus aut soluta.', 1, '2020-01-14 05:20:10', '2020-01-14 05:20:10'),
(315, 341, 'Edd Welch', 'Commodi delectus cupiditate minus voluptas. Sint rerum consequuntur neque.', 3, '2020-01-14 05:20:10', '2020-01-14 05:20:10'),
(316, 344, 'Murray Stoltenberg', 'Sed dolore commodi sit dolores illo et tenetur. Qui quia voluptas porro facere dolores omnis est. Facere consequatur omnis deserunt ut voluptatum recusandae et. Quos saepe aut et vel quae.', 2, '2020-01-14 05:20:10', '2020-01-14 05:20:10'),
(317, 303, 'Miss Jacinthe Nader V', 'Amet laudantium qui velit et est tempore sunt blanditiis. Totam laudantium facilis rerum explicabo. Ut quisquam dolore eaque amet. Cupiditate nulla nihil ipsam quo iure perferendis magnam. Perferendis id consequatur porro quisquam.', 3, '2020-01-14 05:20:10', '2020-01-14 05:20:10'),
(318, 341, 'Hermina Becker', 'Ut dolores dolores harum earum. In atque voluptatem facere ut labore nulla fuga. Excepturi facere quia accusamus ratione. Eveniet laboriosam atque consequatur fugiat quis.', 3, '2020-01-14 05:20:10', '2020-01-14 05:20:10'),
(319, 303, 'Jarrod Terry DVM', 'Eos ipsa nihil maiores aliquid. Nobis voluptas ut et in aut voluptatem modi similique. Minima et non rerum similique non eaque. Molestiae qui consequuntur rerum vel debitis id ullam.', 4, '2020-01-14 05:20:10', '2020-01-14 05:20:10'),
(320, 342, 'Keshawn Reilly V', 'Architecto quia quaerat eius sed dolore nulla animi. Ab perspiciatis aut aliquid distinctio sunt soluta qui. Non laudantium perspiciatis dolore molestiae aperiam aperiam. Minima dicta et sed quia ipsum rerum laboriosam.', 2, '2020-01-14 05:20:10', '2020-01-14 05:20:10'),
(321, 311, 'Prof. Albina Batz', 'Ducimus ut incidunt quaerat voluptatibus. Omnis perferendis sed voluptas expedita eos quam omnis enim. Voluptas dolorem doloribus optio qui sit.', 0, '2020-01-14 05:20:10', '2020-01-14 05:20:10'),
(322, 331, 'Prof. Mattie Dare DDS', 'Provident voluptas laudantium sed natus. Cum quae nisi tempora consequatur. Dolorum libero aut dolorem voluptas ab.', 4, '2020-01-14 05:20:10', '2020-01-14 05:20:10'),
(323, 317, 'Gregoria Rodriguez', 'Sit totam veniam illo aut voluptatum. Dolores repellendus dolore perferendis culpa. Eos sint non in rerum. Eos modi sed eum.', 2, '2020-01-14 05:20:10', '2020-01-14 05:20:10'),
(324, 346, 'Dr. Darian Weimann', 'Architecto ducimus maxime quasi odit earum commodi. Ut voluptatibus deserunt magni et rerum. Explicabo esse voluptatum incidunt nesciunt reprehenderit.', 2, '2020-01-14 05:20:10', '2020-01-14 05:20:10'),
(325, 346, 'Kameron Wilderman', 'Sit voluptates mollitia doloribus dolorem est. Nisi excepturi odit omnis eos natus aspernatur. Alias dolor omnis reiciendis qui consequatur.', 1, '2020-01-14 05:20:10', '2020-01-14 05:20:10'),
(326, 302, 'Dovie Stiedemann III', 'Quia ex accusamus rerum saepe nemo vel tempora ut. Sed fuga deleniti et rerum. Non atque quidem dolorem ut quae rem neque eius. Vel quia quae hic non.', 3, '2020-01-14 05:20:10', '2020-01-14 05:20:10'),
(327, 318, 'Wilton Hane', 'Aliquid molestiae maxime earum velit tempore. Laborum quibusdam aperiam quia ab maxime quaerat quia. Aspernatur perferendis est similique ab id tenetur.', 0, '2020-01-14 05:20:10', '2020-01-14 05:20:10'),
(328, 316, 'Durward Lindgren', 'Blanditiis nisi eum non et et sint. Nobis quia consequatur laborum reiciendis consequatur. Quae dolorem incidunt ut dicta labore. Qui ut unde esse.', 1, '2020-01-14 05:20:10', '2020-01-14 05:20:10'),
(329, 302, 'Dwight Lowe', 'Reprehenderit explicabo eligendi nesciunt porro. A sit consequatur consectetur molestias. Similique optio eveniet quis alias dolore. Asperiores omnis laudantium quos aspernatur blanditiis.', 3, '2020-01-14 05:20:10', '2020-01-14 05:20:10'),
(330, 313, 'Rogers Zulauf PhD', 'Qui dolore enim laboriosam voluptatum. Autem perspiciatis nihil at explicabo labore. Perspiciatis est quisquam corrupti officiis. Quam cum minus quo similique voluptas saepe.', 5, '2020-01-14 05:20:10', '2020-01-14 05:20:10'),
(331, 329, 'Reilly Batz', 'Cum maiores quia qui. Cumque beatae sit sapiente voluptatem qui ut. Sed sapiente officiis veritatis qui et corporis.', 2, '2020-01-14 05:20:10', '2020-01-14 05:20:10'),
(332, 331, 'Ceasar Casper MD', 'Architecto cumque tenetur et fugiat quo enim. Dolores sit doloribus molestiae. Ducimus voluptatibus illo aut est. Ea doloremque impedit ad autem. In qui eligendi laudantium unde vel quaerat.', 3, '2020-01-14 05:20:10', '2020-01-14 05:20:10'),
(333, 340, 'Prof. Shanna Russel DVM', 'Numquam cumque et delectus quaerat magni sit amet. Quo non aperiam sapiente sit exercitationem quo. Quasi eius accusamus enim alias. Odio consequatur adipisci sit quo nihil.', 4, '2020-01-14 05:20:10', '2020-01-14 05:20:10'),
(334, 322, 'Graham Parisian', 'Voluptatibus reprehenderit esse consequuntur enim nihil id magni iure. Nihil itaque aut est non et in. Assumenda cupiditate deleniti cupiditate cumque exercitationem rerum.', 5, '2020-01-14 05:20:10', '2020-01-14 05:20:10'),
(335, 329, 'Rex Schaden', 'Voluptatem facere qui soluta. Odit dolor recusandae odit eaque. Placeat dolor nesciunt ipsum tempore. Molestiae asperiores minima qui cupiditate enim rerum.', 1, '2020-01-14 05:20:10', '2020-01-14 05:20:10'),
(336, 320, 'Russell Schroeder', 'Nemo et soluta blanditiis culpa laudantium. Dolores non veritatis voluptatem dolor dignissimos explicabo aut. Sunt accusamus ducimus libero quia. Incidunt eum atque et consequatur dolore error possimus corporis. Omnis dolore quisquam autem assumenda.', 3, '2020-01-14 05:20:10', '2020-01-14 05:20:10'),
(337, 312, 'Odell Lynch', 'Est et aspernatur dicta veritatis. Necessitatibus et aut animi voluptas. Dolores eius dolores exercitationem nihil magni voluptatem dolor.', 5, '2020-01-14 05:20:10', '2020-01-14 05:20:10'),
(338, 301, 'Nayeli Becker DVM', 'Reiciendis totam sint et ea rerum ratione. Dolore ea saepe reiciendis sunt saepe corrupti. Nulla eaque rerum perspiciatis sapiente aut. Quam aut et rem ipsa.', 4, '2020-01-14 05:20:10', '2020-01-14 05:20:10'),
(339, 347, 'Lexi Kuhlman', 'Est consectetur consequatur voluptatem tenetur. Aut incidunt consectetur natus tempore iure explicabo qui. Quos unde ut accusamus ab. Enim culpa fugit voluptas adipisci dolorem doloremque voluptate itaque.', 3, '2020-01-14 05:20:11', '2020-01-14 05:20:11'),
(340, 316, 'Angel Dickinson', 'Itaque eos aut placeat dolorem consequatur fuga dolorem. Rem et qui placeat sed quo exercitationem. Adipisci quibusdam qui adipisci ab. Itaque sit molestias qui occaecati iste.', 0, '2020-01-14 05:20:11', '2020-01-14 05:20:11'),
(341, 339, 'Barrett Boyle', 'Nemo aliquid quasi iste et ut. Voluptatem iure neque rem in consequuntur sed corporis. Ea et molestiae eum voluptates quia.', 0, '2020-01-14 05:20:11', '2020-01-14 05:20:11'),
(342, 335, 'Mr. Adolph Brown DVM', 'Sapiente non ut unde asperiores. Et esse voluptas corrupti dolores molestiae ut labore quibusdam. Fugiat et quod dolorum tempora. Non aut aut accusantium consequatur.', 3, '2020-01-14 05:20:11', '2020-01-14 05:20:11'),
(343, 345, 'Prof. Brook Marvin Sr.', 'Aut praesentium natus a nulla assumenda. Assumenda architecto ut sint distinctio laboriosam aut. Modi et enim quia et distinctio nihil voluptatibus.', 2, '2020-01-14 05:20:11', '2020-01-14 05:20:11'),
(344, 342, 'Ms. Cathy Schneider', 'Molestiae laudantium doloremque facere. Unde voluptatum repudiandae dolor eos deleniti quae nulla.', 5, '2020-01-14 05:20:11', '2020-01-14 05:20:11'),
(345, 341, 'Fiona Okuneva', 'Quaerat temporibus consequatur praesentium earum natus dolore dolorem nihil. Aspernatur earum a dolor dolorem. Et rerum possimus error consectetur optio odit qui. Nihil maiores asperiores et.', 0, '2020-01-14 05:20:11', '2020-01-14 05:20:11'),
(346, 329, 'Muriel Kub', 'Molestiae necessitatibus iusto omnis. Voluptatem amet distinctio facere repudiandae.', 0, '2020-01-14 05:20:11', '2020-01-14 05:20:11'),
(347, 327, 'Conrad Gaylord', 'Ipsum nam pariatur et perspiciatis exercitationem voluptatem. Minima recusandae qui aut officiis. Voluptate aliquid quaerat occaecati ipsam aut aperiam voluptate. Placeat magni praesentium accusamus aut amet est.', 1, '2020-01-14 05:20:11', '2020-01-14 05:20:11'),
(348, 312, 'Linwood Flatley', 'Ut nihil omnis enim et sunt enim quis aut. Quis ea quos quisquam suscipit illo. Dignissimos consequuntur ea sit perspiciatis.', 4, '2020-01-14 05:20:11', '2020-01-14 05:20:11'),
(349, 347, 'Electa Littel DVM', 'Aliquid aut itaque in tempore. Illo quisquam quasi inventore nemo. Accusantium est qui odio dolor dolores dolor aspernatur. Voluptas enim molestiae totam velit excepturi ad.', 5, '2020-01-14 05:20:11', '2020-01-14 05:20:11'),
(350, 319, 'Fredrick Rogahn', 'Illo explicabo voluptatem earum. Qui quidem aut est qui molestiae. In totam amet iusto deleniti odit voluptatem cum.', 1, '2020-01-14 05:20:11', '2020-01-14 05:20:11'),
(351, 342, 'Berta Deckow', 'Qui consequatur ea est dignissimos dicta. Quasi praesentium enim blanditiis quis facere porro aspernatur.', 4, '2020-01-14 05:20:11', '2020-01-14 05:20:11'),
(352, 342, 'Mr. Wilfredo Greenholt Jr.', 'Nulla porro autem ut molestias vel repudiandae. Omnis rerum nihil possimus ut a. Deleniti est voluptatibus minus et cumque ut dolores.', 3, '2020-01-14 05:20:11', '2020-01-14 05:20:11'),
(353, 325, 'Zola Trantow', 'Fugit beatae dolorem qui minima quam dolores occaecati sed. Ab ab sed libero natus. Ut consequatur fuga unde ea. Perferendis debitis vel veritatis officiis quo aut.', 5, '2020-01-14 05:20:11', '2020-01-14 05:20:11'),
(354, 337, 'Candelario Williamson', 'Beatae ea quos dolore sit laborum quae rerum. Tenetur non occaecati officia ut. Sit voluptas et iusto est. Consequatur ut ullam eum maxime sapiente.', 1, '2020-01-14 05:20:11', '2020-01-14 05:20:11'),
(355, 323, 'Rebecca Renner Jr.', 'Perferendis saepe hic dignissimos ex sed est. Eius quos laboriosam sit accusamus. Aut qui optio animi incidunt architecto ipsum.', 4, '2020-01-14 05:20:11', '2020-01-14 05:20:11'),
(356, 305, 'Kavon Monahan', 'Quia cumque eos sint praesentium. Quo fugiat ut officia unde odit. Quia alias nesciunt molestias optio maxime. Consequatur eos vel dolorem eius consequatur sit aut.', 3, '2020-01-14 05:20:11', '2020-01-14 05:20:11'),
(357, 345, 'Prof. Freddie Thompson', 'Pariatur beatae est ipsa asperiores possimus. Iusto est rerum dolor quas at. Voluptates velit aut provident quasi. Quidem aliquid iure aut.', 1, '2020-01-14 05:20:11', '2020-01-14 05:20:11'),
(358, 328, 'Brisa Haley', 'Doloribus a rerum consequatur libero. Voluptatibus quo ipsa est tempore error ut quia. Id impedit qui aliquam autem eius officia.', 0, '2020-01-14 05:20:11', '2020-01-14 05:20:11'),
(359, 309, 'Eda Christiansen', 'Id consequatur aliquid repellendus nemo dignissimos dignissimos odit aut. Voluptas alias quibusdam enim voluptas. Aperiam vero nostrum aperiam repellat. Qui magni aspernatur quia assumenda eligendi.', 1, '2020-01-14 05:20:11', '2020-01-14 05:20:11'),
(360, 330, 'Bernardo Kuhic', 'Perferendis quidem dolores veritatis aut ad. Dignissimos harum sint sunt et sed esse cum. Nihil omnis commodi at nisi ab. Provident quam quo quod veniam in modi quidem quod. Iure suscipit eveniet omnis omnis et sapiente.', 1, '2020-01-14 05:20:11', '2020-01-14 05:20:11'),
(361, 301, 'Prof. Ray Hoeger PhD', 'Rerum est quod distinctio eos ut. Iste provident magnam aperiam accusamus aut fuga. Voluptas itaque delectus rerum debitis illo rerum sit nulla. Consequatur non aut quia iste esse fugit non. Similique fuga ut enim.', 3, '2020-01-14 05:20:11', '2020-01-14 05:20:11'),
(362, 316, 'Axel Emmerich', 'Sed vel ut qui voluptatem quod in. Sint voluptatem sunt aliquam dolor eum quia. Placeat consequatur animi qui perspiciatis ipsam. Natus illo et incidunt dolorem et est non.', 2, '2020-01-14 05:20:11', '2020-01-14 05:20:11'),
(363, 348, 'Elinor Sauer', 'Animi est excepturi nam aut nihil. Vero quis voluptatem natus accusantium natus.', 5, '2020-01-14 05:20:11', '2020-01-14 05:20:11'),
(364, 315, 'Ludie Heidenreich', 'Ut at aut ut eos qui laudantium maiores et. Animi quia vitae occaecati ut rerum natus iusto dolor. Modi eius aperiam assumenda. Ut nihil numquam nihil non. Tempore natus qui dignissimos aut itaque.', 5, '2020-01-14 05:20:11', '2020-01-14 05:20:11'),
(365, 316, 'Estevan Schuppe', 'Quas laborum libero aperiam alias corporis expedita nobis. Omnis animi voluptatem voluptatum. Eum eligendi tempore porro dolores reiciendis.', 1, '2020-01-14 05:20:11', '2020-01-14 05:20:11'),
(366, 340, 'Antonetta Prosacco', 'Cupiditate nulla tempore non sunt minima dolore impedit. Illo in ut iusto. Eveniet minus dolores fugiat aut aut quis quo. Impedit enim dolor architecto sed dolor.', 2, '2020-01-14 05:20:12', '2020-01-14 05:20:12'),
(367, 306, 'Vernon Strosin', 'Consectetur perspiciatis molestiae itaque ut et delectus ratione. Nam ea est ut dolores ducimus voluptates dolorem. Exercitationem fugiat sunt non omnis quos atque.', 2, '2020-01-14 05:20:12', '2020-01-14 05:20:12'),
(368, 313, 'Mrs. Germaine Bayer', 'Dolor error dolorem recusandae aperiam. Alias minima et in autem expedita labore iure distinctio. Magnam necessitatibus quae sed minus aut tenetur commodi aliquam.', 0, '2020-01-14 05:20:12', '2020-01-14 05:20:12'),
(369, 335, 'Mrs. Hailee Dare', 'Modi nisi minus nam necessitatibus vel. Dolorem ut velit tenetur rem. Consequatur delectus beatae ea odio. Excepturi aut earum facere iste officia nostrum.', 0, '2020-01-14 05:20:12', '2020-01-14 05:20:12'),
(370, 350, 'Mr. Hazle Purdy Jr.', 'Nihil illo voluptatem hic quo debitis consequatur est in. Saepe necessitatibus et reprehenderit et qui. Dolor esse id et omnis blanditiis quisquam.', 2, '2020-01-14 05:20:12', '2020-01-14 05:20:12'),
(371, 310, 'Stanton Spinka PhD', 'Quod eum quasi consequatur nostrum aut ab. Odio voluptates consequatur a quia eligendi officia quasi omnis. Dolorem occaecati aut autem et.', 2, '2020-01-14 05:20:12', '2020-01-14 05:20:12'),
(372, 316, 'Sadye Mayer', 'Maxime qui sed non ipsam optio unde quibusdam. Eum et quia minima cum cum sit cum. Fugiat quia iste ex error.', 5, '2020-01-14 05:20:12', '2020-01-14 05:20:12'),
(373, 317, 'Retha Deckow', 'Voluptatem aut quae beatae dolor dolorem beatae sed. Culpa ut ducimus numquam. Et possimus optio mollitia a consequatur distinctio voluptas provident.', 4, '2020-01-14 05:20:12', '2020-01-14 05:20:12'),
(374, 350, 'Retta Lubowitz', 'Nesciunt explicabo blanditiis illum in. Et ducimus et nostrum ea. Sunt inventore molestias odit laudantium. Cum deserunt aut aliquam qui suscipit harum.', 0, '2020-01-14 05:20:12', '2020-01-14 05:20:12'),
(375, 339, 'Bianka Leuschke', 'Reprehenderit ad molestiae deserunt enim culpa ex mollitia. Et deleniti expedita sunt sapiente quaerat amet nostrum quibusdam. Nihil quo in autem dolorem ut accusamus sit.', 3, '2020-01-14 05:20:12', '2020-01-14 05:20:12'),
(376, 302, 'Miss Odie Collier', 'Est et ab praesentium rerum culpa. Voluptas ipsa repellendus rerum.', 0, '2020-01-14 05:20:12', '2020-01-14 05:20:12'),
(377, 308, 'Erin Bashirian', 'Et dolores numquam deserunt cupiditate. Laborum accusantium rerum possimus voluptates. Aperiam voluptates veniam assumenda sint repudiandae non inventore.', 5, '2020-01-14 05:20:12', '2020-01-14 05:20:12'),
(378, 346, 'Billie Reinger', 'Voluptatem non consequatur assumenda occaecati nihil neque. Quas numquam nostrum dicta. Cupiditate enim qui et molestias quis porro. Non sit eos ratione sint cum cum.', 1, '2020-01-14 05:20:12', '2020-01-14 05:20:12'),
(379, 317, 'Jan Terry', 'Omnis quia error dolore nobis sunt. Sapiente consequatur ea quibusdam optio modi maiores molestiae. Magni aut veritatis eius ipsam est nam eveniet perferendis.', 1, '2020-01-14 05:20:12', '2020-01-14 05:20:12'),
(380, 310, 'Prof. Kyler Hill MD', 'Tempora praesentium quo molestias dolores dolorem ut. Provident est vitae voluptas laudantium qui. Dolor natus consequuntur perferendis et qui ea. Quod voluptas fuga nesciunt modi rem.', 0, '2020-01-14 05:20:12', '2020-01-14 05:20:12'),
(381, 308, 'Margarett Williamson', 'Consequatur architecto qui quasi placeat. Cumque quis corporis in alias. Et alias nihil ullam dolores vel.', 3, '2020-01-14 05:20:12', '2020-01-14 05:20:12'),
(382, 336, 'Delphia Wiza', 'Adipisci ex eos voluptatem blanditiis in culpa harum sequi. Eaque alias consequuntur et perspiciatis harum quis. Ut vero doloribus reiciendis earum sunt. Totam numquam quis consectetur provident deserunt aut. Sint consequatur saepe inventore commodi.', 0, '2020-01-14 05:20:12', '2020-01-14 05:20:12'),
(383, 349, 'Cory Halvorson', 'Cumque aliquam quidem molestiae fuga. Dicta dolor rerum dolore nam. Nesciunt voluptas laborum velit sit ad. Vel eius ut doloribus sed vel.', 2, '2020-01-14 05:20:12', '2020-01-14 05:20:12'),
(384, 320, 'Prof. Hanna Langosh', 'Sapiente et sint nostrum molestiae perspiciatis et. Labore qui ut eligendi est et omnis totam. Reiciendis qui non voluptatibus autem et alias.', 3, '2020-01-14 05:20:12', '2020-01-14 05:20:12'),
(385, 319, 'Virginie Grant', 'Saepe minima odio fugiat officiis autem labore. Id aut ea voluptate alias eum reprehenderit.', 1, '2020-01-14 05:20:12', '2020-01-14 05:20:12'),
(386, 316, 'Kylie McGlynn IV', 'Exercitationem magnam sed dolor ut vitae. Ullam debitis id molestiae. Necessitatibus in voluptates maxime minus qui consectetur fuga.', 1, '2020-01-14 05:20:12', '2020-01-14 05:20:12'),
(387, 336, 'Nathen Klocko', 'Praesentium placeat laboriosam doloribus. Hic eaque eaque beatae iusto magni dolore. Est et eaque omnis veritatis. Eius accusamus iusto id voluptatum exercitationem voluptates quod minima.', 4, '2020-01-14 05:20:12', '2020-01-14 05:20:12'),
(388, 326, 'Bianka Schaden MD', 'Omnis ut saepe animi est officiis aut suscipit. Earum quaerat dolorem ut quas voluptatibus velit laudantium. Et illum nisi ea blanditiis delectus nemo.', 2, '2020-01-14 05:20:13', '2020-01-14 05:20:13'),
(389, 331, 'Britney Casper', 'Asperiores est placeat ut. Repellat distinctio error rerum omnis rem et. Commodi et placeat et sunt in et.', 5, '2020-01-14 05:20:13', '2020-01-14 05:20:13'),
(390, 304, 'Gladys Konopelski', 'Sit magni voluptate voluptatibus distinctio rerum. Earum tenetur voluptas harum ut quia. Natus unde tempora et sit. Fuga harum reiciendis assumenda aliquid dolor amet. Qui deserunt quia iste autem fugiat facilis.', 1, '2020-01-14 05:20:13', '2020-01-14 05:20:13'),
(391, 306, 'Gina Bauch', 'Similique cupiditate doloremque et magni numquam. Velit illo autem aut sed ut enim aut. Quod in voluptatem quia dolorum at alias quis. Unde blanditiis ea aliquam praesentium cupiditate quaerat vero at.', 4, '2020-01-14 05:20:13', '2020-01-14 05:20:13'),
(392, 313, 'Samir Gaylord', 'Est minus debitis nesciunt architecto. Porro hic perferendis velit sed et tempore eos. Et commodi dolor ut ab non earum iure.', 3, '2020-01-14 05:20:13', '2020-01-14 05:20:13'),
(393, 330, 'Helen Heaney', 'Eos commodi quo earum illum. Fuga consectetur in reprehenderit. Fugiat eveniet debitis repudiandae et illo. Saepe delectus qui ratione sit.', 0, '2020-01-14 05:20:13', '2020-01-14 05:20:13'),
(394, 314, 'Carlos Buckridge', 'Debitis dolore sint explicabo ducimus. At in ut exercitationem consectetur esse ducimus aliquam. Laudantium facilis ipsum dolorem illum minima laboriosam delectus. Sit occaecati libero doloribus.', 4, '2020-01-14 05:20:13', '2020-01-14 05:20:13'),
(395, 327, 'Ms. Minerva Lindgren', 'Omnis fuga eveniet vel dolor est. Quae expedita qui quia aliquam.', 0, '2020-01-14 05:20:13', '2020-01-14 05:20:13'),
(396, 345, 'Rusty Heller Sr.', 'Dignissimos facere qui non eligendi doloremque sed modi. Dolor quidem voluptatem non voluptatem sunt doloribus sunt magnam. Quisquam quia dolor illum reprehenderit. Repellat libero non perspiciatis dignissimos animi veritatis corrupti eius.', 3, '2020-01-14 05:20:13', '2020-01-14 05:20:13'),
(397, 310, 'Prof. Marietta Lang', 'Esse voluptatibus id dignissimos perspiciatis. Culpa dolor magnam optio voluptas. Mollitia rerum sint laudantium qui voluptas qui. Quia eveniet quo aut numquam facere itaque.', 1, '2020-01-14 05:20:13', '2020-01-14 05:20:13'),
(398, 347, 'Janiya Ruecker', 'Aspernatur deleniti beatae voluptas et eum magni et et. Dolore dolor minus adipisci tempora voluptas at. Et qui ipsam aperiam saepe saepe repellendus saepe. Molestias cupiditate officia consectetur id omnis porro ut.', 5, '2020-01-14 05:20:13', '2020-01-14 05:20:13'),
(399, 348, 'Prof. Nathen Bailey MD', 'Quis error corporis laboriosam minima nesciunt placeat omnis. Et porro tenetur officiis sapiente. Consectetur rem quia voluptatem sed. Quisquam praesentium sit est sint.', 1, '2020-01-14 05:20:13', '2020-01-14 05:20:13'),
(400, 322, 'Cortney Stracke', 'Id sint expedita eaque inventore eum. Facilis enim consequatur itaque excepturi incidunt necessitatibus. Ratione qui dolore quod asperiores sed omnis. Porro et velit dolore voluptatem et.', 5, '2020-01-14 05:20:13', '2020-01-14 05:20:13'),
(401, 302, 'Zaria Kshlerin', 'Reprehenderit et dolorem dolores aut quisquam ex. Dolorem qui ut hic non dolores voluptatum. Non nam eum soluta quasi. Esse labore quae dolores accusantium numquam adipisci.', 5, '2020-01-14 05:20:13', '2020-01-14 05:20:13'),
(402, 328, 'Mr. Colt Rolfson I', 'Eveniet consequatur recusandae debitis beatae labore. Commodi quos sed vel. Officiis molestias fugit blanditiis. Harum laudantium id rerum et ullam alias dolorum.', 2, '2020-01-14 05:20:13', '2020-01-14 05:20:13'),
(403, 321, 'Dr. Maximillian Moen Jr.', 'Nihil nemo ullam quas provident aut ex omnis. Voluptates corrupti sit hic ipsa sed iste alias. Harum dolorum adipisci dignissimos. Sapiente perspiciatis velit aut aliquam tempore accusamus.', 4, '2020-01-14 05:20:13', '2020-01-14 05:20:13'),
(404, 313, 'Lonzo O\'Kon', 'Optio nihil aut voluptatem quae voluptas quam et. Rerum aliquam voluptas repellendus illum ut. Numquam odit sapiente quis quas aut rerum.', 3, '2020-01-14 05:20:13', '2020-01-14 05:20:13'),
(405, 334, 'Eileen Will', 'Itaque totam esse eos iusto assumenda. Rerum accusamus necessitatibus enim aut. Ut cumque perferendis sint non eveniet voluptate et. Dicta exercitationem mollitia similique sit repellendus est culpa.', 1, '2020-01-14 05:20:13', '2020-01-14 05:20:13'),
(406, 328, 'Bridie Rippin PhD', 'Voluptatem est omnis eveniet et esse voluptas. Unde eius ipsa dolorem. Quo excepturi enim et eaque totam.', 4, '2020-01-14 05:20:13', '2020-01-14 05:20:13'),
(407, 341, 'Ms. Shakira O\'Conner V', 'Nesciunt commodi ad ut omnis laborum sint rerum. Ratione laborum deserunt doloribus fugiat enim. Officia ut ut praesentium numquam in nulla iste beatae.', 2, '2020-01-14 05:20:13', '2020-01-14 05:20:13'),
(408, 324, 'Jailyn Huel III', 'Tenetur eveniet in provident. Molestias vel maiores autem non. Sit blanditiis laboriosam officiis dolorum.', 0, '2020-01-14 05:20:13', '2020-01-14 05:20:13'),
(409, 341, 'Zoe Crooks', 'Eaque delectus molestiae laudantium. Qui perspiciatis tempore in et autem. Provident adipisci molestias porro optio.', 0, '2020-01-14 05:20:13', '2020-01-14 05:20:13'),
(410, 317, 'Gregorio Baumbach', 'Nobis omnis voluptates et totam. Nulla magni similique quibusdam rem architecto quasi officia quia. Eaque at et dignissimos saepe ut. Molestiae harum voluptatibus consectetur quam eos.', 2, '2020-01-14 05:20:13', '2020-01-14 05:20:13'),
(411, 322, 'Arvid Jakubowski', 'Consectetur rem temporibus voluptatem reprehenderit nemo nisi autem. Nesciunt soluta tenetur cupiditate autem. Alias sit quam sunt aut temporibus libero ut. Vitae amet et voluptatibus et quae non.', 1, '2020-01-14 05:20:14', '2020-01-14 05:20:14'),
(412, 340, 'John Bosco', 'Non dignissimos voluptatem soluta et. Ipsam nostrum sapiente itaque. Ut perspiciatis error aut et.', 0, '2020-01-14 05:20:14', '2020-01-14 05:20:14'),
(413, 329, 'Dr. Lyda Yundt', 'Voluptatem modi deserunt saepe. Odio sed quaerat ut harum repudiandae animi culpa. Quis quia distinctio et id. In odit ducimus eos autem ut et veniam necessitatibus.', 4, '2020-01-14 05:20:14', '2020-01-14 05:20:14'),
(414, 334, 'Hobart VonRueden I', 'Aspernatur voluptatem vel ex velit. Eos quia eaque sit recusandae tenetur eos. Voluptatem temporibus aut quo nisi. Saepe ut voluptatem vitae.', 3, '2020-01-14 05:20:14', '2020-01-14 05:20:14'),
(415, 337, 'Genevieve Kerluke', 'Magni ad ea quaerat enim assumenda cumque. Pariatur ea qui explicabo sit qui. Exercitationem autem aliquid ea quia delectus. A officia at quia reprehenderit ea sequi sequi. Nesciunt adipisci velit rerum quae ea natus.', 3, '2020-01-14 05:20:14', '2020-01-14 05:20:14'),
(416, 312, 'Brooke McCullough', 'Unde nihil dignissimos reiciendis ut temporibus esse. Incidunt ut dolores velit repellat ex consequuntur. Animi corporis architecto et velit non sint.', 5, '2020-01-14 05:20:14', '2020-01-14 05:20:14'),
(417, 350, 'Mr. Kayley Konopelski', 'Minima repellendus sapiente enim mollitia mollitia et. Dignissimos nostrum quia ad quia est. Sint perspiciatis et ad nesciunt in iure vel.', 1, '2020-01-14 05:20:14', '2020-01-14 05:20:14'),
(418, 336, 'Dr. Samir Feest DDS', 'Quos quo ad est fuga aut dignissimos. Ipsum distinctio voluptatem voluptas error voluptas quia. Provident unde exercitationem repudiandae vitae facere. Et rerum vitae sunt totam veniam voluptatibus dolores.', 3, '2020-01-14 05:20:14', '2020-01-14 05:20:14'),
(419, 340, 'Ms. Georgette Harris PhD', 'Explicabo occaecati sed sit odit nam architecto omnis. Quo error sit dolor sed nostrum ea dolorem.', 5, '2020-01-14 05:20:14', '2020-01-14 05:20:14'),
(420, 327, 'Mrs. Layla Thiel IV', 'Ipsa modi optio aliquid. Nihil quisquam corrupti quia eos ut et. Eum quisquam ex vel laboriosam.', 0, '2020-01-14 05:20:14', '2020-01-14 05:20:14'),
(421, 312, 'Maverick Wilderman I', 'Maxime sequi quibusdam neque quas. Doloribus ut voluptatum eos veniam est quia dignissimos. Esse eligendi necessitatibus voluptate doloremque voluptatem natus. Sequi dolor voluptatum ut.', 3, '2020-01-14 05:20:14', '2020-01-14 05:20:14'),
(422, 325, 'Kelly Fritsch', 'Iusto consequatur dignissimos totam aperiam laboriosam culpa asperiores. Quis natus cumque earum facere repellendus dolorem molestias. Fugiat in quaerat voluptates delectus eum et ut.', 1, '2020-01-14 05:20:14', '2020-01-14 05:20:14'),
(423, 309, 'Liliane Schroeder', 'Cupiditate ut enim sit aut. Harum et est consequatur quibusdam ut.', 1, '2020-01-14 05:20:14', '2020-01-14 05:20:14'),
(424, 332, 'Stefan Buckridge', 'Unde esse recusandae eos similique pariatur qui sunt. Amet maxime ducimus deserunt ea laborum nulla. Facere voluptates saepe quo unde qui autem. Non optio ullam atque quia perferendis.', 2, '2020-01-14 05:20:14', '2020-01-14 05:20:14'),
(425, 334, 'Vern Lang DDS', 'Cupiditate atque et et iure. Voluptas quia repellat sint vel velit praesentium. Repudiandae eligendi tenetur deleniti voluptas. Et ipsa quibusdam iure saepe cupiditate provident.', 1, '2020-01-14 05:20:14', '2020-01-14 05:20:14'),
(426, 308, 'Raleigh Stroman', 'Nisi reprehenderit debitis dolorum pariatur atque sit. Blanditiis doloribus magnam et libero suscipit ut corporis aliquid. Et enim voluptatibus sunt magnam distinctio voluptas.', 5, '2020-01-14 05:20:14', '2020-01-14 05:20:14'),
(427, 334, 'Krystina Ziemann I', 'Autem sequi doloribus ut debitis. Tempore repudiandae fugiat est sapiente porro quia. Ducimus harum eum dignissimos laborum et qui. Eveniet ex est cum officiis ea.', 0, '2020-01-14 05:20:14', '2020-01-14 05:20:14'),
(428, 307, 'Brooklyn Mitchell', 'Et itaque ipsum sed vitae quo velit dolore. Voluptas sequi ipsum exercitationem in. Eos quas fuga velit eaque. Explicabo blanditiis consequatur aliquid animi occaecati quasi.', 3, '2020-01-14 05:20:14', '2020-01-14 05:20:14'),
(429, 350, 'Alek Carter', 'Alias repellendus assumenda quos velit quo. Est ut sapiente doloribus debitis aut.', 1, '2020-01-14 05:20:14', '2020-01-14 05:20:14'),
(430, 328, 'Zetta Nienow', 'Explicabo inventore aut voluptatibus in dignissimos amet. Occaecati veniam velit eos dolorem autem dicta nulla. Culpa ea nam in aliquid voluptatibus.', 2, '2020-01-14 05:20:14', '2020-01-14 05:20:14'),
(431, 318, 'Anastasia Witting PhD', 'Autem voluptas sed ut unde blanditiis repellendus explicabo. Culpa ut ducimus cupiditate facere cupiditate. Aperiam delectus eligendi tempora quibusdam vel ea ratione. Fuga quibusdam perferendis officiis praesentium quidem repudiandae. Et cum facere aliquid corrupti.', 0, '2020-01-14 05:20:14', '2020-01-14 05:20:14'),
(432, 343, 'Toni Wiegand V', 'Ullam et magnam facilis aut est ea sapiente. Mollitia labore fugit aliquam consequatur excepturi culpa. Ad voluptatem molestiae rerum et nisi et. Asperiores voluptas reprehenderit quas quisquam ea velit omnis.', 2, '2020-01-14 05:20:14', '2020-01-14 05:20:14'),
(433, 346, 'Dr. Vladimir Donnelly Sr.', 'Temporibus qui sed totam ipsum vel. Eum fugit unde ad ea eius. Et esse accusantium nesciunt sed. Enim error saepe velit et.', 2, '2020-01-14 05:20:14', '2020-01-14 05:20:14'),
(434, 307, 'Mrs. Susie Jacobs', 'Vitae reiciendis pariatur id qui. Ad voluptas omnis suscipit eum inventore. Velit consequuntur officiis non voluptates beatae qui quia sed. Odio eligendi ea qui non non officiis quam.', 4, '2020-01-14 05:20:14', '2020-01-14 05:20:14'),
(435, 333, 'Lavinia Casper MD', 'Et consequuntur modi qui et consequatur. Sapiente quo delectus adipisci ut sed quidem. Quidem porro tempora unde totam.', 5, '2020-01-14 05:20:14', '2020-01-14 05:20:14'),
(436, 345, 'Asia Erdman', 'Officiis enim quia facilis autem. Tempore consequatur enim qui architecto. Enim sit et iste dolores iusto cupiditate.', 0, '2020-01-14 05:20:14', '2020-01-14 05:20:14'),
(437, 342, 'Mrs. Leslie Feil Jr.', 'Et laboriosam facere sint. Omnis quisquam quia sint itaque alias dolores aut. Hic quae quia nihil. Nemo eius sed est quia error qui eius. Qui et atque eaque ut natus.', 5, '2020-01-14 05:20:14', '2020-01-14 05:20:14'),
(438, 344, 'Antonina Hilpert', 'Voluptates et nihil qui illo. Quas veritatis eum sunt fugit. Temporibus eos distinctio est assumenda iste quia. Non et tempore tenetur et est.', 4, '2020-01-14 05:20:14', '2020-01-14 05:20:14'),
(439, 327, 'Shanny Daugherty IV', 'Magni sequi illo quo totam molestias distinctio nihil minima. Sunt molestiae error debitis pariatur odit. Ex voluptatem sed omnis praesentium cum. Sed nobis ab consequatur exercitationem minus ducimus.', 1, '2020-01-14 05:20:14', '2020-01-14 05:20:14'),
(440, 316, 'Mariane Bruen', 'Voluptates voluptatum dolore et iure quis fugit odio. Repellat similique animi dolore aut delectus. Quia architecto fugiat quod magni. Porro officiis dolorem et aliquid non non.', 1, '2020-01-14 05:20:14', '2020-01-14 05:20:14'),
(441, 341, 'Prof. Jarod Schowalter DVM', 'Sint explicabo praesentium cupiditate quam est sapiente repellendus nihil. Rerum ea non illum inventore quam explicabo. Praesentium cumque odit unde ut earum est delectus labore.', 4, '2020-01-14 05:20:14', '2020-01-14 05:20:14'),
(442, 316, 'Dr. Danielle Gleason PhD', 'Eligendi a eum non alias harum qui. Et at id quo dolores. Quos necessitatibus eum ab odit optio mollitia vitae ullam.', 2, '2020-01-14 05:20:14', '2020-01-14 05:20:14'),
(443, 335, 'Mrs. Zoey Bauch I', 'Consequatur ut consequatur minima ab vel neque sit. Ab in est aut ut eum. Natus corrupti quia eius illo esse eligendi. Suscipit placeat ipsa illum provident reprehenderit repellat et.', 3, '2020-01-14 05:20:14', '2020-01-14 05:20:14'),
(444, 350, 'Vicky Trantow', 'Provident veritatis harum sed aspernatur hic dignissimos rerum eius. Perferendis consequatur ullam maiores modi. Autem odio quia consectetur. Magnam ad itaque eligendi assumenda autem.', 1, '2020-01-14 05:20:14', '2020-01-14 05:20:14'),
(445, 333, 'Ms. Era Gutmann', 'Repellat libero cupiditate eveniet temporibus voluptatibus quisquam. Debitis eum reiciendis voluptas non. Repudiandae velit voluptates ut quis.', 0, '2020-01-14 05:20:14', '2020-01-14 05:20:14'),
(446, 310, 'Annabell Murazik', 'Ut rerum vel id quod tempore. Consequatur unde consectetur tempora rerum qui optio quasi. Eaque eum quaerat sint beatae. Quaerat nihil corrupti est est non. Enim non sint accusamus enim qui qui recusandae.', 4, '2020-01-14 05:20:14', '2020-01-14 05:20:14'),
(447, 306, 'Maryse Koelpin DVM', 'Debitis est non non libero est nemo. Tempore esse perferendis sit deleniti. Facere suscipit in eaque delectus ut qui omnis labore. Et deserunt esse corporis voluptate eum voluptatem.', 2, '2020-01-14 05:20:14', '2020-01-14 05:20:14'),
(448, 305, 'Frederick Pollich', 'Ad veniam ut doloremque veritatis tempora. Necessitatibus facere voluptates enim accusamus voluptates rem expedita est. Quidem rerum adipisci facilis similique beatae. Velit ut blanditiis reprehenderit dolore qui cumque consequatur.', 4, '2020-01-14 05:20:15', '2020-01-14 05:20:15'),
(449, 346, 'Jeanette Schinner', 'Fugit voluptatem molestiae rerum et culpa quas. Delectus unde expedita doloribus at. Quod sint et corrupti molestias est quia qui cumque. Eveniet dolore aut aperiam.', 5, '2020-01-14 05:20:15', '2020-01-14 05:20:15'),
(450, 306, 'Randi Morissette', 'Aut itaque vero occaecati aut et unde. Quos rerum aliquid assumenda perspiciatis voluptatem consequatur deserunt hic. Molestiae eum cumque nostrum minus qui. Enim molestias velit omnis fuga eaque consequuntur. Aut debitis quo ullam sed ea.', 4, '2020-01-14 05:20:15', '2020-01-14 05:20:15'),
(451, 303, 'Narciso Herman', 'Eveniet a qui sed doloribus. Ea dolores earum porro vero et quisquam molestias. Consequatur a in magni aut et accusantium et. Similique ipsa omnis voluptas deleniti qui.', 1, '2020-01-14 05:20:15', '2020-01-14 05:20:15'),
(452, 327, 'Luz Thompson', 'Voluptates dolorum sit occaecati adipisci quo. Itaque incidunt hic deleniti. Voluptate aperiam ipsa et ea porro reiciendis ducimus.', 4, '2020-01-14 05:20:15', '2020-01-14 05:20:15'),
(453, 305, 'Brianne Gulgowski', 'Expedita blanditiis ut est distinctio consequatur eum. Nisi autem eius exercitationem fuga est consequatur. Dolor qui consequatur quia aspernatur sint.', 1, '2020-01-14 05:20:15', '2020-01-14 05:20:15'),
(454, 344, 'Rafaela Feeney', 'Laboriosam cumque et omnis dolores nihil et vel. Ratione et molestias ipsam delectus vel. Consequatur rerum explicabo asperiores voluptatem ut ducimus qui.', 1, '2020-01-14 05:20:15', '2020-01-14 05:20:15'),
(455, 347, 'Austyn Boyle MD', 'Et optio dolor molestiae. Repellendus ipsa veritatis rerum inventore a. Esse autem esse quia vel sit et. Doloribus magni et quidem corporis quaerat autem.', 0, '2020-01-14 05:20:15', '2020-01-14 05:20:15'),
(456, 344, 'Ms. Adaline Fahey', 'Ut laborum ut rem tenetur. Vitae perferendis vel distinctio. Quia eligendi corrupti a animi labore. Esse omnis perferendis mollitia quasi cumque.', 1, '2020-01-14 05:20:15', '2020-01-14 05:20:15'),
(457, 307, 'Miss Adrienne Murphy', 'Et labore officia praesentium dolore. Est consequatur earum sit suscipit eum. Qui est atque optio qui reprehenderit omnis. Molestiae illum est eos sint ut.', 2, '2020-01-14 05:20:15', '2020-01-14 05:20:15'),
(458, 303, 'Karelle O\'Hara', 'Consectetur velit vel maxime quaerat ut. Quos est qui dolor est nihil in. Quidem error est accusantium laboriosam. Nesciunt incidunt ut voluptatem laudantium occaecati asperiores non illum.', 3, '2020-01-14 05:20:15', '2020-01-14 05:20:15'),
(459, 333, 'Brenden Murphy', 'Inventore eaque officiis hic tenetur est accusantium rerum. Ut nemo sint adipisci cupiditate voluptatem voluptatem nobis. Earum dolorum est itaque commodi quasi asperiores itaque. Perferendis eligendi iure ea facilis inventore qui eius.', 4, '2020-01-14 05:20:15', '2020-01-14 05:20:15'),
(460, 341, 'Mr. Friedrich Sipes Sr.', 'Id reprehenderit non reiciendis iste doloremque. Et ab temporibus voluptate et numquam harum. Harum ut odit eum repudiandae id quia. Doloremque quisquam eos enim aut nisi.', 1, '2020-01-14 05:20:15', '2020-01-14 05:20:15'),
(461, 308, 'Rosalinda Rosenbaum', 'Quod et vel ex dicta. Blanditiis et qui velit soluta ut quas. Enim alias totam non molestiae est.', 4, '2020-01-14 05:20:15', '2020-01-14 05:20:15'),
(462, 322, 'Shea Moore', 'Deleniti earum molestiae nostrum corporis commodi. Aut pariatur non asperiores tempore mollitia. Hic qui neque eum aut ab consequatur odit. Consequuntur officia pariatur est quasi.', 3, '2020-01-14 05:20:15', '2020-01-14 05:20:15'),
(463, 309, 'Alice Halvorson', 'Et est sed aut commodi. Eum corporis pariatur libero. Et vel corrupti et quo sed voluptates aliquam. Omnis rem sapiente enim inventore ut aut.', 2, '2020-01-14 05:20:15', '2020-01-14 05:20:15'),
(464, 314, 'Prof. Bethany Gleason', 'Exercitationem consequatur placeat quis molestiae quia. Est aut non aut nam. Dolor perferendis qui nam quidem. Illo necessitatibus expedita voluptatibus aut aliquid modi veritatis.', 3, '2020-01-14 05:20:15', '2020-01-14 05:20:15'),
(465, 315, 'Jalyn Zemlak', 'Ad ut quo enim quidem odit. Itaque minus sit accusantium veniam. Natus facere ut quo doloremque molestias animi maiores.', 4, '2020-01-14 05:20:15', '2020-01-14 05:20:15'),
(466, 331, 'Prof. Mustafa Wyman III', 'Voluptatem eum aut qui soluta doloremque non ipsam. Labore qui quibusdam ad exercitationem exercitationem ut dolores. Repellat consequuntur odio voluptas. Rerum quaerat ipsam sed quasi. Sunt provident sint fugiat aspernatur distinctio et.', 4, '2020-01-14 05:20:15', '2020-01-14 05:20:15'),
(467, 333, 'Mathilde Bayer Sr.', 'In modi rerum ab quam. Omnis vitae ad sequi laudantium sint illum vitae. Quas voluptatem vel unde dolores. Et eaque maxime repellendus nisi.', 0, '2020-01-14 05:20:15', '2020-01-14 05:20:15'),
(468, 325, 'Luna Tromp I', 'Labore quidem voluptatem est sunt. Vel modi rerum fugit numquam consequatur fugiat magnam. Labore ea hic fugiat qui aut.', 5, '2020-01-14 05:20:15', '2020-01-14 05:20:15'),
(469, 337, 'Elena Bergnaum', 'Et est voluptates rem. Debitis excepturi occaecati tempore dolorem deleniti in occaecati.', 5, '2020-01-14 05:20:15', '2020-01-14 05:20:15'),
(470, 334, 'Jane Olson PhD', 'Tenetur minus dolores optio expedita libero. Quis et cupiditate et dolores voluptates rerum ratione. Sunt quaerat explicabo eveniet blanditiis. Omnis est est architecto enim ab neque sit.', 1, '2020-01-14 05:20:15', '2020-01-14 05:20:15'),
(471, 340, 'Ewald Cummerata', 'Magnam voluptas iure qui ab aut dicta. Blanditiis laudantium porro ea rem natus veritatis dignissimos. Aliquid ex inventore dolores quidem. Sit rem et tempora est quo quaerat.', 3, '2020-01-14 05:20:15', '2020-01-14 05:20:15'),
(472, 331, 'Mr. Jovani Yost III', 'Error qui est aut voluptatem voluptatibus atque. Sed placeat est delectus accusamus itaque sit sequi. Sit harum vitae nostrum molestiae dolorum sit.', 1, '2020-01-14 05:20:15', '2020-01-14 05:20:15'),
(473, 306, 'Carli Swaniawski PhD', 'Eligendi autem accusamus quam incidunt. Est tempore amet consequuntur aliquid sed. Consequatur officiis cupiditate reprehenderit reiciendis necessitatibus fugit quis. Officiis qui voluptatum dolor.', 5, '2020-01-14 05:20:15', '2020-01-14 05:20:15'),
(474, 336, 'Bonita Kihn', 'Est autem consequatur ipsam veritatis consequatur ut fuga. Nesciunt inventore sed minima dolore perferendis. Adipisci ut libero delectus. Soluta vel quis praesentium soluta ab id doloremque.', 1, '2020-01-14 05:20:15', '2020-01-14 05:20:15'),
(475, 341, 'Mrs. Brenda Krajcik', 'Qui accusantium labore voluptatibus ducimus ut autem cum. Tenetur officia provident quis. Ex sapiente harum dignissimos non officia.', 1, '2020-01-14 05:20:15', '2020-01-14 05:20:15'),
(476, 306, 'Monte Gerlach Jr.', 'Omnis non aperiam rerum enim. Quas repellendus magni quaerat. Hic necessitatibus consequatur dolore quae consectetur possimus. Incidunt et eos tenetur dolore explicabo qui perspiciatis.', 3, '2020-01-14 05:20:15', '2020-01-14 05:20:15'),
(477, 325, 'Earnestine Dooley', 'Dicta minima non ut. Animi asperiores laborum blanditiis ea nobis. Consequatur minima consequuntur laborum iusto ut delectus. Dolores sed neque voluptates sit dolor.', 4, '2020-01-14 05:20:15', '2020-01-14 05:20:15'),
(478, 306, 'Garrett Pacocha', 'Vel est ut fugiat facere non corrupti sint. Dolor provident laudantium exercitationem. Et laborum rem nihil ea. Beatae iusto voluptates quos enim perferendis laudantium sit. Tenetur ut optio doloribus asperiores nulla.', 4, '2020-01-14 05:20:15', '2020-01-14 05:20:15'),
(479, 330, 'Turner Bechtelar Jr.', 'Vel sapiente repellendus non ut inventore ratione. Consequuntur aperiam rerum aut commodi consequatur. Consequatur quia eos non iusto aut saepe. Molestiae reprehenderit distinctio at culpa aspernatur tempore.', 3, '2020-01-14 05:20:16', '2020-01-14 05:20:16'),
(480, 330, 'Prof. Lavada Bogisich', 'Aliquam enim voluptatum ullam mollitia quod magnam sint. Eum dolorem omnis id quia dolorem. Quo dolor optio voluptas libero nobis maiores et. Quia atque libero alias est odit corporis.', 0, '2020-01-14 05:20:16', '2020-01-14 05:20:16'),
(481, 334, 'Mr. Jabari Blick', 'Blanditiis quo repudiandae quasi vitae. Non ducimus ipsa repudiandae dolores voluptatem ut dolor et. Sit sequi illo modi est eius et distinctio dignissimos. Odit cumque et quidem quibusdam dicta.', 4, '2020-01-14 05:20:16', '2020-01-14 05:20:16'),
(482, 339, 'Prof. Lorna Kihn Jr.', 'Harum odio beatae et tempora. Atque explicabo sit in corporis.', 3, '2020-01-14 05:20:16', '2020-01-14 05:20:16'),
(483, 308, 'Ms. Amiya Jaskolski', 'Modi rerum qui similique quasi commodi. Exercitationem iusto velit magni vel omnis ut est. Ut et earum ut non quia et voluptate.', 1, '2020-01-14 05:20:16', '2020-01-14 05:20:16'),
(484, 342, 'Carey Russel II', 'Minus delectus accusamus alias. Doloribus et qui nesciunt doloremque pariatur consequatur. Facere qui non nulla quidem.', 3, '2020-01-14 05:20:16', '2020-01-14 05:20:16'),
(485, 341, 'Isabella Walker', 'Ratione quod nulla eveniet sapiente. Delectus repellendus tempora facilis maiores accusantium dolore dolorum suscipit. Hic sint enim commodi aut velit est.', 5, '2020-01-14 05:20:16', '2020-01-14 05:20:16'),
(486, 333, 'Celestine Barrows', 'Cum non quae accusantium qui ipsum. Repellat itaque facilis ab alias illo nobis sit.', 1, '2020-01-14 05:20:16', '2020-01-14 05:20:16'),
(487, 304, 'Lonnie Volkman I', 'Numquam temporibus cupiditate voluptas nihil quas quaerat. Deserunt repudiandae repudiandae earum quidem non non qui quia. Vel laboriosam illum officiis voluptatum sequi.', 3, '2020-01-14 05:20:16', '2020-01-14 05:20:16'),
(488, 330, 'Kiarra Armstrong', 'Iste nobis nihil beatae pariatur voluptatem. Et non dolore aut repudiandae voluptatem quod est. Sed dolores et dolorem incidunt qui eaque.', 2, '2020-01-14 05:20:16', '2020-01-14 05:20:16'),
(489, 347, 'Asia Lesch', 'Quo vel et dolore. Molestiae cupiditate quia laboriosam aut. Rem ex autem possimus ipsum. Maiores nemo molestias nesciunt suscipit.', 4, '2020-01-14 05:20:16', '2020-01-14 05:20:16'),
(490, 303, 'Earnest Pollich III', 'Accusamus omnis recusandae quia rerum nisi magnam. Harum ducimus culpa ut ut. Eius et voluptate fugiat. Iure veniam ea aut voluptatem.', 0, '2020-01-14 05:20:16', '2020-01-14 05:20:16'),
(491, 330, 'Nicholaus Kiehn', 'Quod id necessitatibus nesciunt accusantium accusamus dolor tempora provident. Velit minus voluptatem nihil accusamus itaque. Dolores non vero perferendis voluptatem occaecati ea explicabo.', 5, '2020-01-14 05:20:16', '2020-01-14 05:20:16'),
(492, 348, 'Ethelyn Runolfsdottir', 'Nihil cum sed numquam sed reprehenderit. Asperiores consequuntur enim est ipsa placeat impedit explicabo.', 3, '2020-01-14 05:20:16', '2020-01-14 05:20:16'),
(493, 319, 'Ismael Gulgowski IV', 'Et id natus quis est occaecati et at. Impedit velit eum velit ea autem. Libero minus illo aut voluptate rerum est.', 1, '2020-01-14 05:20:16', '2020-01-14 05:20:16'),
(494, 331, 'Stella Smith DDS', 'Saepe voluptas quasi suscipit numquam aut. Ut eveniet nemo cumque eum ullam. Et dolorum sit beatae nulla. Dicta sint et consequatur deleniti est maiores cumque. Recusandae ullam at molestiae ut consectetur enim.', 4, '2020-01-14 05:20:16', '2020-01-14 05:20:16'),
(495, 347, 'Elton Collier', 'Voluptas facilis ex rerum consectetur fuga explicabo consequuntur. Placeat culpa laudantium sunt et labore.', 1, '2020-01-14 05:20:16', '2020-01-14 05:20:16'),
(496, 331, 'Dr. Polly Tromp', 'Voluptatem aut expedita velit sunt ut voluptate quae itaque. Corporis non impedit eligendi ea quod voluptate. Sequi quibusdam consequuntur culpa aut magnam harum pariatur. Quis ipsum quo quo ut deserunt deserunt.', 3, '2020-01-14 05:20:16', '2020-01-14 05:20:16'),
(497, 338, 'Hudson Block', 'Aut atque quae cupiditate. Molestiae inventore rem rerum sint et dolor nihil rerum. Illum hic excepturi quidem earum.', 1, '2020-01-14 05:20:16', '2020-01-14 05:20:16'),
(498, 319, 'Alycia Skiles', 'Dolorem quasi quos ipsum placeat ut. Aut qui odit illo ducimus. Quo inventore doloribus eos et error.', 3, '2020-01-14 05:20:16', '2020-01-14 05:20:16'),
(499, 333, 'Louisa Brown', 'Assumenda ullam modi voluptas id ex voluptatem laborum. Praesentium quos sit qui quasi modi incidunt. Et voluptas molestias repellendus porro quis. Nulla dolore voluptas quasi iusto consequuntur.', 5, '2020-01-14 05:20:16', '2020-01-14 05:20:16'),
(500, 350, 'Erin West', 'Quia natus perferendis atque ducimus recusandae esse. Fuga porro iste ducimus amet. Aut ad amet at odit explicabo delectus sed. Aliquam sapiente quia vitae reiciendis. Est voluptate perspiciatis error et.', 3, '2020-01-14 05:20:16', '2020-01-14 05:20:16'),
(501, 341, 'Mr. Junior Cormier PhD', 'Doloribus qui ea modi. Nemo ut voluptatum sit. Repellat amet consequatur eum ipsum. Possimus eveniet ipsa eveniet itaque ut sed.', 1, '2020-01-14 05:20:16', '2020-01-14 05:20:16'),
(502, 308, 'Dessie Mosciski', 'Doloribus ut perspiciatis nihil est placeat similique. Recusandae quo sunt doloremque velit est amet ducimus. Dignissimos nemo velit deserunt ea. Eum et natus ut suscipit harum delectus.', 5, '2020-01-14 05:20:16', '2020-01-14 05:20:16'),
(503, 337, 'Rosemary Collins', 'Sunt quo fugiat ratione atque. Quisquam possimus eligendi sit consequuntur iusto et.', 4, '2020-01-14 05:20:16', '2020-01-14 05:20:16'),
(504, 314, 'Cordelia Lowe', 'Dolorem consequatur omnis architecto reiciendis quod. Odit enim repellendus enim ullam. Sed nemo possimus provident facilis modi molestias consequatur. Enim animi et rerum illum quo eius voluptate pariatur.', 3, '2020-01-14 05:20:16', '2020-01-14 05:20:16'),
(505, 348, 'Dr. Pascale Denesik Sr.', 'Distinctio autem pariatur id et voluptatibus voluptatibus et explicabo. Sed labore adipisci omnis molestias id. Ad quibusdam odit voluptatem harum.', 2, '2020-01-14 05:20:16', '2020-01-14 05:20:16'),
(506, 303, 'Winfield Jones IV', 'Animi excepturi qui est officia. Consectetur corporis molestias quibusdam. Incidunt est libero rem non. Et porro cum amet repellendus est tempore aut. Iusto ut consequatur reiciendis.', 3, '2020-01-14 05:20:16', '2020-01-14 05:20:16'),
(507, 332, 'Berniece Watsica', 'Laudantium labore nemo eveniet iste hic non. Fuga facilis ut excepturi in itaque et a aliquam. Minus voluptatibus aliquam expedita quisquam. Eius porro a sed et eligendi officia.', 4, '2020-01-14 05:20:16', '2020-01-14 05:20:16'),
(508, 332, 'Oral Schulist', 'Qui rerum exercitationem repellat. Dolorum et id nobis expedita nisi. Ea iste excepturi odio neque.', 4, '2020-01-14 05:20:16', '2020-01-14 05:20:16');
INSERT INTO `reviews` (`id`, `product_id`, `cutomer`, `review`, `star`, `created_at`, `updated_at`) VALUES
(509, 306, 'Vicenta Fahey', 'Debitis quis provident quia et odio recusandae nulla. Ducimus voluptatem molestias quisquam dignissimos. Perspiciatis facilis animi id dolores vero molestiae. Ab voluptatem magnam cupiditate molestiae tenetur.', 4, '2020-01-14 05:20:17', '2020-01-14 05:20:17'),
(510, 348, 'Dr. Adolphus Hermann DDS', 'Unde voluptatum ea nulla quod totam possimus aspernatur. Quis sapiente nobis quasi eaque possimus. Consequatur cupiditate modi quos tenetur. Asperiores harum voluptatem optio nam. Neque quia eaque et illum atque.', 5, '2020-01-14 05:20:17', '2020-01-14 05:20:17'),
(511, 331, 'Carter Schimmel', 'Omnis commodi dignissimos adipisci iure reiciendis nihil. Dolore et eum voluptatem voluptatem quia ut doloremque. Ratione officia aut nobis odit voluptatem non a. Voluptatem fugiat dolor velit est.', 2, '2020-01-14 05:20:17', '2020-01-14 05:20:17'),
(512, 349, 'Dr. Keeley Hegmann DDS', 'Sit laudantium inventore et perferendis exercitationem itaque illum corporis. Neque consequatur voluptatem cupiditate ab id fugit.', 5, '2020-01-14 05:20:17', '2020-01-14 05:20:17'),
(513, 303, 'Miss Heloise Murazik IV', 'Sit eius ullam aut omnis amet molestiae. Dignissimos hic dicta vitae unde omnis repellat error debitis. Blanditiis tempore veritatis cupiditate. Beatae dignissimos voluptas eum molestiae optio aut unde aut.', 0, '2020-01-14 05:20:17', '2020-01-14 05:20:17'),
(514, 328, 'Dr. Kaia Wintheiser DDS', 'Dolor dicta numquam aut id et sed officia. Qui iure sed delectus asperiores omnis voluptatem cum. Omnis velit in reiciendis sunt ea laudantium. Est laborum quia sed eveniet.', 5, '2020-01-14 05:20:17', '2020-01-14 05:20:17'),
(515, 304, 'Lilly Feil', 'Id fugit quas ipsum. Doloribus harum exercitationem tempore quos. Nobis nihil sapiente quo omnis soluta ea est. Quam nemo consequuntur voluptates quidem enim consequatur repellendus.', 5, '2020-01-14 05:20:17', '2020-01-14 05:20:17'),
(516, 340, 'Cornelius O\'Reilly', 'Est dolor numquam quisquam inventore doloremque doloribus aut. Et quisquam repudiandae quam velit necessitatibus consequuntur. Dicta rerum quae aspernatur pariatur quas odit quae alias.', 4, '2020-01-14 05:20:17', '2020-01-14 05:20:17'),
(517, 329, 'Mrs. Ena Leffler', 'Sapiente tempore est ducimus. Suscipit dolorum deleniti ut provident. Rerum magni praesentium qui velit. Eveniet suscipit neque suscipit ut pariatur.', 5, '2020-01-14 05:20:17', '2020-01-14 05:20:17'),
(518, 303, 'Dameon Gulgowski', 'Animi cum nihil et quae corrupti. Voluptatibus eum aspernatur amet vel exercitationem qui. Ut et quaerat nesciunt voluptas explicabo.', 5, '2020-01-14 05:20:17', '2020-01-14 05:20:17'),
(519, 312, 'Alexie Bernhard', 'Qui natus non qui provident laudantium. Porro dicta qui quibusdam quo sunt omnis est. Porro voluptatum quia natus corporis.', 5, '2020-01-14 05:20:17', '2020-01-14 05:20:17'),
(520, 322, 'Ladarius Wunsch', 'Unde dolorum magni quaerat sit eveniet. Rerum et sed reiciendis ipsum. Voluptatum quia porro voluptates et aperiam ipsum et.', 5, '2020-01-14 05:20:17', '2020-01-14 05:20:17'),
(521, 307, 'Prof. Angie Effertz', 'Perferendis occaecati possimus qui non. Molestiae quaerat dolorem corrupti magni adipisci quo magni saepe. Dolorem molestias ad ut non. Explicabo dignissimos fugit et qui fugit quo.', 5, '2020-01-14 05:20:17', '2020-01-14 05:20:17'),
(522, 314, 'Ms. Alicia Cruickshank MD', 'Nisi corrupti est voluptate sed. Suscipit officiis asperiores iste aut ut illum eveniet corporis. Et et aut asperiores veniam ut.', 3, '2020-01-14 05:20:17', '2020-01-14 05:20:17'),
(523, 315, 'Jannie Bednar', 'Rerum temporibus cupiditate sed qui eos. Consequuntur exercitationem facilis amet voluptas quia. Autem fugiat sunt delectus magnam quia unde itaque.', 1, '2020-01-14 05:20:17', '2020-01-14 05:20:17'),
(524, 324, 'Myrl Borer DVM', 'Et maxime omnis similique tempore doloremque. Reprehenderit ea atque repellendus voluptatem. Autem eaque doloremque sed quibusdam iure qui aut omnis. Praesentium cupiditate ut eos ex minima laborum enim.', 4, '2020-01-14 05:20:17', '2020-01-14 05:20:17'),
(525, 317, 'Emmitt Gutmann Sr.', 'Facilis ad ut voluptates velit rem culpa. Vel laudantium at architecto tempora tenetur porro dicta. Autem reprehenderit nesciunt necessitatibus exercitationem neque sint sit molestias.', 3, '2020-01-14 05:20:17', '2020-01-14 05:20:17'),
(526, 332, 'Mr. Francis Sauer IV', 'Aliquam maiores iste voluptate perferendis tempora. Hic exercitationem deleniti aliquam ad et. Iste dolorem eligendi et ad sit qui laudantium fuga. Non eos voluptates labore et.', 5, '2020-01-14 05:20:17', '2020-01-14 05:20:17'),
(527, 327, 'Rigoberto Russel', 'Temporibus eveniet autem quo recusandae tenetur vitae non. Ut maxime dicta porro dolorem quae nesciunt in ea. Et et quia assumenda ullam odio. Voluptatem ut iure vitae est est pariatur quia.', 1, '2020-01-14 05:20:17', '2020-01-14 05:20:17'),
(528, 308, 'Rebecca Bruen', 'Ex a ex velit. Voluptatum odit quaerat voluptatem corporis nihil. Sint et illo nam sint cumque. Deserunt consequuntur qui et necessitatibus aut ullam dolor.', 4, '2020-01-14 05:20:17', '2020-01-14 05:20:17'),
(529, 342, 'Dr. Darius Johnson MD', 'Veritatis voluptatem esse ut quia modi sed qui distinctio. Voluptatem veniam ducimus officia in aut maxime. Ut accusamus quos molestias quas cupiditate est nihil nobis. Ipsam totam repellendus facilis. In doloremque quisquam qui aut quae necessitatibus.', 3, '2020-01-14 05:20:17', '2020-01-14 05:20:17'),
(530, 347, 'Kelley Denesik DDS', 'Et nihil consequuntur enim harum debitis dolore reprehenderit. Voluptatem ut ducimus totam enim rerum aspernatur explicabo. Sint nostrum ducimus doloribus eveniet harum accusantium.', 3, '2020-01-14 05:20:17', '2020-01-14 05:20:17'),
(531, 333, 'Carroll Eichmann', 'Accusantium totam ea esse suscipit ratione voluptatum itaque. Expedita officia excepturi magnam enim eum facilis expedita. Modi qui consequuntur consequatur magni beatae cum.', 4, '2020-01-14 05:20:17', '2020-01-14 05:20:17'),
(532, 301, 'Prof. Dejon Nikolaus V', 'Suscipit eaque a dolores qui. Molestiae aut unde tempore modi. At numquam laboriosam officia est iste accusamus dolorem quidem. Molestiae aliquid repudiandae dicta dolorem commodi rerum.', 0, '2020-01-14 05:20:17', '2020-01-14 05:20:17'),
(533, 309, 'Cleta Durgan', 'Dignissimos nam repudiandae dolorem voluptatem ad quo ullam et. Deserunt voluptatem quia architecto sapiente. Fugiat magnam reprehenderit voluptatem non.', 2, '2020-01-14 05:20:17', '2020-01-14 05:20:17'),
(534, 327, 'Hillard Reinger', 'Deserunt alias fuga quas nulla. Voluptatem sapiente accusantium enim repellat aut. Non blanditiis itaque ut debitis non voluptas et.', 2, '2020-01-14 05:20:17', '2020-01-14 05:20:17'),
(535, 317, 'Ambrose Brakus', 'Vero velit omnis mollitia aut quo impedit aliquam. Laborum magni in consequatur molestias sunt sed. Est consequatur natus velit illo ut eos repudiandae sed. Minus dolores sint tenetur non.', 5, '2020-01-14 05:20:17', '2020-01-14 05:20:17'),
(536, 305, 'Mrs. Isobel Lesch', 'Veritatis est totam laboriosam minima impedit eum qui. Numquam harum est non consectetur. Deleniti quod consequatur non impedit ab tempore dolore. Sit sed quia consequatur aut.', 4, '2020-01-14 05:20:17', '2020-01-14 05:20:17'),
(537, 305, 'Ms. Jannie Stiedemann PhD', 'Sint optio autem id omnis aliquid. Ab vero aliquid ducimus impedit. Sint facere ea autem eos aut. Officiis eveniet reiciendis placeat.', 3, '2020-01-14 05:20:17', '2020-01-14 05:20:17'),
(538, 342, 'Isabella West PhD', 'Aliquam cupiditate voluptatem ipsa quae ut quia. Id aut dolore distinctio aperiam sed dignissimos mollitia. Cupiditate quia unde harum voluptatibus delectus. Doloremque temporibus odio saepe natus minima nulla.', 0, '2020-01-14 05:20:17', '2020-01-14 05:20:17'),
(539, 337, 'Elvera Green Sr.', 'Ut est quia sit quibusdam. Explicabo beatae aut laborum sed sint ut. Nostrum rerum quam exercitationem dolore.', 0, '2020-01-14 05:20:17', '2020-01-14 05:20:17'),
(540, 328, 'Hester Littel', 'Incidunt fuga distinctio non debitis nostrum id. Accusamus unde consequatur aut aliquam deserunt veniam vel. Impedit eos dolore nostrum magni. Sunt cupiditate natus dolore facere ut dolores reiciendis.', 5, '2020-01-14 05:20:17', '2020-01-14 05:20:17'),
(541, 314, 'Sammy Walker', 'Consequatur voluptatem quisquam praesentium adipisci id ut consectetur. Et qui rerum cupiditate praesentium repellat aut. Id voluptas aut ut est.', 0, '2020-01-14 05:20:17', '2020-01-14 05:20:17'),
(542, 313, 'Michale Becker', 'Nihil voluptatum non iure quam. Consequatur qui iste sit facilis et minima. Sit et dolores numquam occaecati voluptates. Qui itaque autem ipsam eius est. Omnis dolores quam deleniti perspiciatis molestiae debitis voluptas.', 2, '2020-01-14 05:20:17', '2020-01-14 05:20:17'),
(543, 337, 'Theo Turcotte Jr.', 'Quibusdam cum et suscipit sunt. Impedit exercitationem atque rem voluptatem est sint qui. Optio voluptate et delectus deserunt.', 4, '2020-01-14 05:20:17', '2020-01-14 05:20:17'),
(544, 329, 'Dr. Keaton Thiel', 'Sint dolorem repellendus reiciendis aperiam ut eaque fugit. Facere non est facere quod. Odit eaque enim dolor cumque assumenda molestias voluptas. Ducimus nulla ad nihil provident tenetur consequuntur.', 2, '2020-01-14 05:20:17', '2020-01-14 05:20:17'),
(545, 303, 'Mrs. Lisa Schulist V', 'Accusantium unde cupiditate fuga quisquam ut. Ullam reprehenderit quo quis. Assumenda dolorem provident odio animi. Quia et sunt et temporibus corporis aut provident.', 3, '2020-01-14 05:20:17', '2020-01-14 05:20:17'),
(546, 313, 'Nikki Johnson', 'Laudantium voluptatem perspiciatis quia repellat quod. Doloribus non doloremque non saepe amet molestias enim. Nisi quae deserunt quas qui in. Totam nesciunt recusandae iure aliquid nisi consectetur blanditiis.', 4, '2020-01-14 05:20:17', '2020-01-14 05:20:17'),
(547, 347, 'Abby Feest', 'Odio qui fugit autem labore. Aut inventore quisquam doloremque sunt in. Aut fugiat facilis fugiat et dolorem.', 2, '2020-01-14 05:20:17', '2020-01-14 05:20:17'),
(548, 312, 'Madisen Swift', 'Ea inventore voluptas quis hic eveniet quia aspernatur. Voluptatem dolor cupiditate porro est vitae aut eos non. Delectus debitis a expedita sed voluptas ipsum.', 4, '2020-01-14 05:20:17', '2020-01-14 05:20:17'),
(549, 337, 'Tremayne Dietrich', 'Et est aliquid eos quos esse iste qui. Libero dolorem officiis dolor illum consectetur recusandae. Sit esse ad ipsa sint dolorum.', 4, '2020-01-14 05:20:17', '2020-01-14 05:20:17'),
(550, 337, 'Mrs. Francisca McKenzie', 'Et ullam placeat at et reiciendis dolorem. Eum voluptatem accusantium tenetur in. Voluptatem similique ea cum voluptatem repellendus nulla est. Ipsam eaque explicabo consequuntur amet sint.', 1, '2020-01-14 05:20:17', '2020-01-14 05:20:17'),
(551, 305, 'Wilson Nicolas', 'Ipsa ea et impedit aspernatur facilis nobis. Placeat reprehenderit sapiente dicta. Nam voluptas laborum qui tempora fuga.', 2, '2020-01-14 05:20:18', '2020-01-14 05:20:18'),
(552, 308, 'Veda Dickinson', 'At at modi tenetur aut nihil culpa. Ut animi dolores praesentium nihil quae. Incidunt laudantium temporibus et ut nostrum ad fuga. Ex ut quaerat suscipit autem.', 5, '2020-01-14 05:20:18', '2020-01-14 05:20:18'),
(553, 347, 'Coty Metz', 'Enim quia voluptas cum accusantium voluptatem voluptatem at. Delectus ullam consequatur asperiores qui. Velit repellendus vero sint sit voluptatibus. Quam sit voluptatem culpa fugit.', 0, '2020-01-14 05:20:18', '2020-01-14 05:20:18'),
(554, 348, 'Prof. Jordyn Funk', 'Voluptatem architecto eius voluptas cupiditate et et. Unde est rerum aut. Dolorum et deleniti voluptas harum officia. Qui ad id eos quae animi ut.', 5, '2020-01-14 05:20:18', '2020-01-14 05:20:18'),
(555, 324, 'Mrs. Luisa Quitzon I', 'Recusandae quia repellendus harum non quidem beatae aliquid. Et aut nostrum est nulla et. Eveniet temporibus optio mollitia omnis aspernatur excepturi. Hic neque laboriosam eos et impedit occaecati.', 1, '2020-01-14 05:20:18', '2020-01-14 05:20:18'),
(556, 347, 'Princess Wilkinson', 'Excepturi qui dolor repudiandae fuga rem. Incidunt repellat dicta delectus aliquid veritatis nostrum magni. Expedita ullam voluptatem id asperiores aut a beatae.', 5, '2020-01-14 05:20:18', '2020-01-14 05:20:18'),
(557, 342, 'Eladio Mante', 'Incidunt nulla vero unde suscipit est repudiandae et. Minima distinctio accusantium est. Dolor cumque nulla voluptatem consequatur.', 0, '2020-01-14 05:20:18', '2020-01-14 05:20:18'),
(558, 308, 'Jacey Sporer', 'Nostrum molestiae totam provident repellendus aut harum repellendus. Accusantium debitis consequatur et error nulla. In aspernatur qui architecto quas. Sunt omnis facilis eum harum consequatur non. Laborum quos et dolorem temporibus adipisci doloribus.', 0, '2020-01-14 05:20:18', '2020-01-14 05:20:18'),
(559, 338, 'Rodolfo Effertz', 'Non sed et ad dolorem. Eaque perspiciatis unde ducimus saepe nihil voluptas qui. Sunt voluptate cum et placeat quo mollitia.', 2, '2020-01-14 05:20:18', '2020-01-14 05:20:18'),
(560, 307, 'Dr. Tia Vandervort III', 'Veritatis odio enim provident. Rerum consequuntur adipisci debitis aperiam excepturi mollitia. Libero eos animi omnis reiciendis distinctio.', 3, '2020-01-14 05:20:18', '2020-01-14 05:20:18'),
(561, 347, 'Peter Bogan V', 'Iste eius enim qui nisi fugit quam eaque esse. Ut aut quis aperiam non. Assumenda recusandae quia aperiam ut et eos. Ea error cupiditate ducimus modi.', 1, '2020-01-14 05:20:18', '2020-01-14 05:20:18'),
(562, 340, 'Joaquin Rutherford', 'Omnis est itaque doloremque non et doloremque. Et voluptatibus a sed rerum laudantium ratione. Quas at sint in non voluptas similique dolores. Ut non cum est ut.', 1, '2020-01-14 05:20:18', '2020-01-14 05:20:18'),
(563, 338, 'Prof. Jordyn Cole Sr.', 'Aliquam nemo a et dolorum rerum. Voluptates cumque earum illum ad. Mollitia et vitae consequatur rerum voluptate. Vero velit ut nisi eos. Aut reiciendis rerum alias.', 5, '2020-01-14 05:20:18', '2020-01-14 05:20:18'),
(564, 320, 'Prof. Billy Torphy III', 'Voluptas voluptas error qui quis pariatur. Quo quibusdam beatae perspiciatis eum est. Aliquid necessitatibus perferendis voluptatem impedit omnis repellendus.', 2, '2020-01-14 05:20:18', '2020-01-14 05:20:18'),
(565, 324, 'Jacynthe Reichel', 'Quos ab quia voluptatem voluptatem sit. Magni molestiae at nihil quia fuga. Qui sapiente iure corrupti illo eum sit ipsum. Inventore ut at dignissimos.', 5, '2020-01-14 05:20:18', '2020-01-14 05:20:18'),
(566, 314, 'Terrance Rolfson', 'Voluptatibus repellat cumque aut dolorum at. Natus quam explicabo quia dolores et.', 5, '2020-01-14 05:20:18', '2020-01-14 05:20:18'),
(567, 301, 'Mrs. Carolina Ruecker', 'Tenetur fuga eius sapiente aut laudantium fugiat voluptatem aut. Voluptate molestias aut hic esse itaque eos non. Aspernatur molestiae magnam similique qui minus consequatur temporibus est.', 5, '2020-01-14 05:20:18', '2020-01-14 05:20:18'),
(568, 312, 'Arvilla Gusikowski', 'Accusamus aspernatur blanditiis sapiente dicta nostrum veniam. Quas ad perspiciatis optio et id et. Praesentium aut et explicabo ipsam. Perspiciatis sed architecto quia quo voluptate.', 2, '2020-01-14 05:20:18', '2020-01-14 05:20:18'),
(569, 343, 'Cristina Windler Sr.', 'Dolore rerum similique occaecati. Modi ut et id atque ex. Corporis sit ipsa architecto quod vitae tempore ut. Maiores sint voluptatum possimus.', 2, '2020-01-14 05:20:18', '2020-01-14 05:20:18'),
(570, 302, 'Elouise Rath', 'Modi fugiat voluptatem ipsam deserunt rerum modi sequi et. Suscipit ut et aut laudantium. Sint expedita sunt qui.', 4, '2020-01-14 05:20:18', '2020-01-14 05:20:18'),
(571, 344, 'Marielle Simonis', 'Distinctio aperiam voluptatem possimus vero aut ea veniam. Atque reiciendis aut eum quidem iusto enim optio. Eligendi sit animi omnis ea et et eum.', 4, '2020-01-14 05:20:19', '2020-01-14 05:20:19'),
(572, 347, 'Irwin Spencer', 'Dolor velit eum voluptas animi tempore voluptatum voluptatem placeat. Dignissimos consectetur quasi qui incidunt. Tempore enim consequatur minus laudantium accusamus. Sed asperiores repudiandae consectetur quia dignissimos possimus at.', 0, '2020-01-14 05:20:19', '2020-01-14 05:20:19'),
(573, 311, 'Mrs. Shirley Waters', 'Repellendus rerum laudantium aut ea consequuntur omnis. Sequi numquam neque aut sunt. Accusantium et in asperiores magni quia cumque aliquam.', 1, '2020-01-14 05:20:19', '2020-01-14 05:20:19'),
(574, 309, 'Eda Anderson', 'Libero provident molestiae molestiae exercitationem architecto dolorum assumenda. Provident atque molestiae consequuntur nobis velit enim. Nisi natus qui quia aperiam itaque in. Tenetur quo iusto et laboriosam omnis.', 4, '2020-01-14 05:20:19', '2020-01-14 05:20:19'),
(575, 303, 'Audrey Schmidt', 'Officiis nobis hic corrupti voluptatibus sunt veritatis in quaerat. Consequatur corporis laboriosam ut possimus dolorum maxime eligendi. Velit est error ipsam. Perferendis iure enim molestias.', 5, '2020-01-14 05:20:19', '2020-01-14 05:20:19'),
(576, 346, 'Miss Arlie Fay', 'Voluptate expedita fugit sapiente similique voluptatum. Ut velit consequatur ea et voluptatem. Rerum suscipit fugit temporibus. Aut expedita enim quod voluptas inventore est quia tempore.', 4, '2020-01-14 05:20:19', '2020-01-14 05:20:19'),
(577, 342, 'Dean Pfannerstill Sr.', 'Architecto suscipit autem libero pariatur aperiam ipsam et. Rem sunt porro quo.', 2, '2020-01-14 05:20:19', '2020-01-14 05:20:19'),
(578, 318, 'Alisha Goldner', 'Nulla eum labore aut placeat labore id ab. Deserunt assumenda hic non nostrum in. Dolorem quod dolor aut a dignissimos nesciunt.', 0, '2020-01-14 05:20:19', '2020-01-14 05:20:19'),
(579, 345, 'Luigi Dietrich', 'Modi earum ipsum neque ut cumque sit et ut. Consequatur voluptas aut dolores id quisquam. Et labore nulla similique aut.', 0, '2020-01-14 05:20:19', '2020-01-14 05:20:19'),
(580, 303, 'Matt Christiansen', 'Aliquid earum autem inventore iste enim qui. Sint officia dolorem distinctio et rerum. Quod aliquam magni adipisci blanditiis.', 2, '2020-01-14 05:20:19', '2020-01-14 05:20:19'),
(581, 323, 'Abbey Kertzmann', 'Labore laboriosam ut doloribus et. Sed quos fugiat et nisi.', 2, '2020-01-14 05:20:19', '2020-01-14 05:20:19'),
(582, 336, 'Dr. Katarina Turner V', 'Quia non neque tempora eius eos. Nemo repellat tenetur architecto veniam necessitatibus a. Deserunt nobis ipsa saepe iste rerum molestiae. Eos voluptatum quia et consectetur porro voluptatem.', 5, '2020-01-14 05:20:19', '2020-01-14 05:20:19'),
(583, 333, 'Prof. Roy Harris I', 'Ut sed non velit nesciunt nesciunt consequatur et voluptates. Tempore quia ut reiciendis unde accusantium repellendus consequatur quos. Impedit molestias ut in aut repellendus cum velit ipsa.', 5, '2020-01-14 05:20:19', '2020-01-14 05:20:19'),
(584, 314, 'Ms. Euna Russel III', 'Laudantium ut voluptas perferendis nesciunt earum eos impedit ducimus. Ex quia temporibus amet nemo quos amet aliquid. Blanditiis nemo velit inventore enim dolore corrupti enim fugiat.', 4, '2020-01-14 05:20:19', '2020-01-14 05:20:19'),
(585, 308, 'Adonis Kirlin', 'Ducimus enim non nam libero sit. Consequatur doloribus autem alias sunt omnis quis ipsam. Aut culpa provident iusto autem mollitia sed aut. Voluptatem culpa sunt eum.', 3, '2020-01-14 05:20:19', '2020-01-14 05:20:19'),
(586, 326, 'Ms. Leonie Gibson III', 'Placeat et dolor est id explicabo non porro. Ad id necessitatibus est nostrum quasi iste. Veniam doloribus laborum doloremque et quas animi.', 2, '2020-01-14 05:20:19', '2020-01-14 05:20:19'),
(587, 308, 'Mrs. Vesta Mosciski', 'Neque qui nam aut reprehenderit. Culpa earum delectus natus illum deserunt. Totam id vitae iure ipsa qui ex. Dolore recusandae praesentium dolorem nulla iure.', 4, '2020-01-14 05:20:19', '2020-01-14 05:20:19'),
(588, 319, 'Mrs. Ernestina Boyer Jr.', 'Modi impedit sequi amet omnis omnis id. Suscipit voluptatibus dolores debitis aut iure iste itaque. Alias qui et eius qui.', 2, '2020-01-14 05:20:19', '2020-01-14 05:20:19'),
(589, 316, 'Nolan Morar', 'Aut suscipit et sed libero et id eum. Sunt labore aliquid est molestiae quidem reiciendis. Vero et et quod consequatur eum. Alias consequatur pariatur illo fuga quis beatae est quis.', 5, '2020-01-14 05:20:20', '2020-01-14 05:20:20'),
(590, 346, 'Rosamond Mraz', 'Atque et assumenda esse. Consequatur et quia tenetur. Eius aperiam ut explicabo cum est. Aperiam vitae aut enim rerum fugiat.', 1, '2020-01-14 05:20:20', '2020-01-14 05:20:20'),
(591, 350, 'Fabian Schumm', 'Sit doloremque velit quaerat facere ex. Porro aliquid omnis tempore totam quia eos. Aut ut minima dolor harum. Id sed totam odio sint minus est.', 1, '2020-01-14 05:20:20', '2020-01-14 05:20:20'),
(592, 348, 'Makenna Hegmann', 'Vel velit porro corporis. Ipsam voluptas officiis consectetur ut non.', 1, '2020-01-14 05:20:20', '2020-01-14 05:20:20'),
(593, 340, 'Jaren Bashirian', 'Nihil ea molestias et est porro iure sunt. Qui ducimus odio qui aut. Exercitationem quam dolore maiores ut placeat consequatur. Maxime quia est incidunt eius ullam.', 3, '2020-01-14 05:20:20', '2020-01-14 05:20:20'),
(594, 331, 'Dr. Lexus Murphy IV', 'Et neque nemo inventore cumque. Earum error quibusdam iure quod dolores molestias voluptas. Aut quasi ea sint nisi deserunt quis eligendi. Repellendus suscipit similique explicabo dignissimos et.', 4, '2020-01-14 05:20:20', '2020-01-14 05:20:20'),
(595, 333, 'Jonas Zboncak', 'Atque ut inventore dolor dolorem. Expedita nesciunt aut veniam qui est delectus aut. Suscipit assumenda qui labore perspiciatis quibusdam. Molestiae quae vero ut.', 2, '2020-01-14 05:20:20', '2020-01-14 05:20:20'),
(596, 323, 'Mariam Johnston', 'Nemo quidem error alias aliquid explicabo voluptas adipisci. Cum ratione est velit assumenda incidunt dolorum quia. Sunt molestiae qui repudiandae eos culpa et ipsa.', 3, '2020-01-14 05:20:20', '2020-01-14 05:20:20'),
(597, 305, 'Nikolas Lesch MD', 'Rem dolorum quo facere facilis. Aut voluptatum iure voluptatem doloribus architecto. Impedit saepe reprehenderit eos totam ducimus. Cum ut nulla iste minima corrupti sunt soluta.', 2, '2020-01-14 05:20:20', '2020-01-14 05:20:20'),
(598, 350, 'Kari Stracke I', 'Non id dolores ratione consequuntur. Exercitationem beatae autem non. Maxime rerum ut ipsum assumenda officia totam esse laboriosam.', 5, '2020-01-14 05:20:20', '2020-01-14 05:20:20'),
(599, 317, 'Heloise Donnelly I', 'Ea facilis est sit qui et. Assumenda et est distinctio qui ut sint porro. Rerum ut non aut.', 3, '2020-01-14 05:20:20', '2020-01-14 05:20:20'),
(600, 335, 'Gilbert McKenzie', 'Aspernatur corrupti distinctio velit. Quis eos pariatur necessitatibus aut aut. Sapiente corrupti dolores id corporis esse vel.', 5, '2020-01-14 05:20:20', '2020-01-14 05:20:20');

-- --------------------------------------------------------

--
-- Table structure for table `users`
--

CREATE TABLE `users` (
  `id` bigint(20) UNSIGNED NOT NULL,
  `name` varchar(255) COLLATE utf8mb4_unicode_ci NOT NULL,
  `email` varchar(255) COLLATE utf8mb4_unicode_ci NOT NULL,
  `email_verified_at` timestamp NULL DEFAULT NULL,
  `password` varchar(255) COLLATE utf8mb4_unicode_ci NOT NULL,
  `remember_token` varchar(100) COLLATE utf8mb4_unicode_ci DEFAULT NULL,
  `created_at` timestamp NULL DEFAULT NULL,
  `updated_at` timestamp NULL DEFAULT NULL
) ENGINE=InnoDB DEFAULT CHARSET=utf8mb4 COLLATE=utf8mb4_unicode_ci;

--
-- Indexes for dumped tables
--

--
-- Indexes for table `failed_jobs`
--
ALTER TABLE `failed_jobs`
  ADD PRIMARY KEY (`id`);

--
-- Indexes for table `migrations`
--
ALTER TABLE `migrations`
  ADD PRIMARY KEY (`id`);

--
-- Indexes for table `password_resets`
--
ALTER TABLE `password_resets`
  ADD KEY `password_resets_email_index` (`email`);

--
-- Indexes for table `products`
--
ALTER TABLE `products`
  ADD PRIMARY KEY (`id`);

--
-- Indexes for table `reviews`
--
ALTER TABLE `reviews`
  ADD PRIMARY KEY (`id`);

--
-- Indexes for table `users`
--
ALTER TABLE `users`
  ADD PRIMARY KEY (`id`),
  ADD UNIQUE KEY `users_email_unique` (`email`);

--
-- AUTO_INCREMENT for dumped tables
--

--
-- AUTO_INCREMENT for table `failed_jobs`
--
ALTER TABLE `failed_jobs`
  MODIFY `id` bigint(20) UNSIGNED NOT NULL AUTO_INCREMENT;

--
-- AUTO_INCREMENT for table `migrations`
--
ALTER TABLE `migrations`
  MODIFY `id` int(10) UNSIGNED NOT NULL AUTO_INCREMENT, AUTO_INCREMENT=5;

--
-- AUTO_INCREMENT for table `products`
--
ALTER TABLE `products`
  MODIFY `id` bigint(20) UNSIGNED NOT NULL AUTO_INCREMENT, AUTO_INCREMENT=351;

--
-- AUTO_INCREMENT for table `reviews`
--
ALTER TABLE `reviews`
  MODIFY `id` bigint(20) UNSIGNED NOT NULL AUTO_INCREMENT, AUTO_INCREMENT=601;

--
-- AUTO_INCREMENT for table `users`
--
ALTER TABLE `users`
  MODIFY `id` bigint(20) UNSIGNED NOT NULL AUTO_INCREMENT;
--
-- Database: `lartasks`
--
CREATE DATABASE IF NOT EXISTS `lartasks` DEFAULT CHARACTER SET utf8mb4 COLLATE utf8mb4_general_ci;
USE `lartasks`;

-- --------------------------------------------------------

--
-- Table structure for table `failed_jobs`
--

CREATE TABLE `failed_jobs` (
  `id` bigint(20) UNSIGNED NOT NULL,
  `connection` text COLLATE utf8mb4_unicode_ci NOT NULL,
  `queue` text COLLATE utf8mb4_unicode_ci NOT NULL,
  `payload` longtext COLLATE utf8mb4_unicode_ci NOT NULL,
  `exception` longtext COLLATE utf8mb4_unicode_ci NOT NULL,
  `failed_at` timestamp NOT NULL DEFAULT current_timestamp()
) ENGINE=InnoDB DEFAULT CHARSET=utf8mb4 COLLATE=utf8mb4_unicode_ci;

-- --------------------------------------------------------

--
-- Table structure for table `migrations`
--

CREATE TABLE `migrations` (
  `id` int(10) UNSIGNED NOT NULL,
  `migration` varchar(191) COLLATE utf8mb4_unicode_ci NOT NULL,
  `batch` int(11) NOT NULL
) ENGINE=InnoDB DEFAULT CHARSET=utf8mb4 COLLATE=utf8mb4_unicode_ci;

--
-- Dumping data for table `migrations`
--

INSERT INTO `migrations` (`id`, `migration`, `batch`) VALUES
(1, '2014_10_12_000000_create_users_table', 1),
(4, '2014_10_12_100000_create_password_resets_table', 2),
(5, '2019_08_19_000000_create_failed_jobs_table', 2),
(6, '2020_01_06_071918_create_tasks_table', 3),
(7, '2020_01_06_073155_create_tasks_table', 4);

-- --------------------------------------------------------

--
-- Table structure for table `password_resets`
--

CREATE TABLE `password_resets` (
  `email` varchar(191) COLLATE utf8mb4_unicode_ci NOT NULL,
  `token` varchar(191) COLLATE utf8mb4_unicode_ci NOT NULL,
  `created_at` timestamp NULL DEFAULT NULL
) ENGINE=InnoDB DEFAULT CHARSET=utf8mb4 COLLATE=utf8mb4_unicode_ci;

-- --------------------------------------------------------

--
-- Table structure for table `tasks`
--

CREATE TABLE `tasks` (
  `id` bigint(20) UNSIGNED NOT NULL,
  `user_id` bigint(20) UNSIGNED NOT NULL,
  `title` varchar(191) COLLATE utf8mb4_unicode_ci NOT NULL,
  `description` varchar(191) COLLATE utf8mb4_unicode_ci NOT NULL,
  `category` varchar(191) COLLATE utf8mb4_unicode_ci NOT NULL,
  `Remindmeat` varchar(191) COLLATE utf8mb4_unicode_ci NOT NULL,
  `created_at` timestamp NULL DEFAULT NULL,
  `updated_at` timestamp NULL DEFAULT NULL
) ENGINE=InnoDB DEFAULT CHARSET=utf8mb4 COLLATE=utf8mb4_unicode_ci;

--
-- Dumping data for table `tasks`
--

INSERT INTO `tasks` (`id`, `user_id`, `title`, `description`, `category`, `Remindmeat`, `created_at`, `updated_at`) VALUES
(1, 1, 'Hello world', 'Kasa kaay Mumbai', 'Work', 'Tomorrow', '2020-01-07 02:19:07', '2020-01-07 02:19:07'),
(2, 2, 'Hello yogi', 'whats up bro', 'Personal', 'Today', '2020-01-07 06:07:40', '2020-01-07 06:07:40'),
(3, 4, 'asdasdad', 'asdasdasdasdasdasd', 'Personal', 'Upcoming', '2020-01-07 07:01:09', '2020-01-07 07:01:09'),
(4, 2, 'yoo how you doing', 'going freaking great!', 'Personal', 'Upcoming', '2020-01-07 23:09:52', '2020-01-07 23:09:52'),
(6, 22, 'Going for run', 'Have to Prepare for run', 'Personal', 'Upcoming', '2020-01-07 23:51:41', '2020-01-07 23:51:41'),
(7, 21, 'asfsadfs', 'fa;sdkf;ajksdj;kasjasdfnc', 'Personal', 'Upcoming', '2020-01-07 23:53:47', '2020-01-07 23:53:47'),
(8, 21, 'asfsadfs', 'fa;sdkf;ajksdj;kasjasdfnc', 'Personal', 'Upcoming', '2020-01-07 23:54:14', '2020-01-07 23:54:14'),
(9, 22, 'Complete todo list', 'have to add some more features in todo app', 'Work', 'Upcoming', '2020-01-08 00:06:47', '2020-01-08 00:06:47'),
(18, 1, 'Yoo', 'cool', 'GloceryList', 'Tomorrow', '2020-01-08 01:17:59', '2020-01-08 01:17:59'),
(19, 1, 'going for dinner', 'on friday', 'Personal', 'Upcoming', '2020-01-08 01:41:31', '2020-01-08 01:41:31');

-- --------------------------------------------------------

--
-- Table structure for table `users`
--

CREATE TABLE `users` (
  `id` bigint(20) UNSIGNED NOT NULL,
  `name` varchar(191) COLLATE utf8mb4_unicode_ci NOT NULL,
  `email` varchar(191) COLLATE utf8mb4_unicode_ci NOT NULL,
  `email_verified_at` timestamp NULL DEFAULT NULL,
  `password` varchar(191) COLLATE utf8mb4_unicode_ci NOT NULL,
  `remember_token` varchar(100) COLLATE utf8mb4_unicode_ci DEFAULT NULL,
  `created_at` timestamp NULL DEFAULT NULL,
  `updated_at` timestamp NULL DEFAULT NULL
) ENGINE=InnoDB DEFAULT CHARSET=utf8mb4 COLLATE=utf8mb4_unicode_ci;

--
-- Dumping data for table `users`
--

INSERT INTO `users` (`id`, `name`, `email`, `email_verified_at`, `password`, `remember_token`, `created_at`, `updated_at`) VALUES
(1, 'yogi22', 'yogesh.ratudi88@gmail.com', NULL, '$2y$10$QdrjxS6JtOADEShVP9Q8ledtDJSoePEgV7/4rQ2u5sjU7ctVrv./K', NULL, '2019-12-30 00:16:01', '2019-12-30 00:16:01'),
(2, 'yogi23', 'yogesh.ratudi99@gmail.com', NULL, '$2y$10$MrSoM8GvYJjh5NVpgiLP3.Rj/cVEhDri1SYK3wt.BBNpCHxDWh/2q', NULL, '2019-12-30 00:40:43', '2019-12-30 00:40:43'),
(3, 'yogi21', 'yogesh.ratudi9@gmail.com', NULL, '$2y$10$PS6RBzsMCdbUnvfRuSo0ZOr0szaOHy9PczvT60ngAUBF5oNiJoIoe', NULL, '2020-01-02 23:03:07', '2020-01-02 23:03:07'),
(4, 'yogi20', 'yogesh.ratudi09@gmail.com', NULL, '$2y$10$pnztDGzqahjkIIjpXOHK7ulT7CP.MpHCMwRoqOc95ctuB3/DjY9SC', NULL, '2020-01-03 04:05:52', '2020-01-03 04:05:52'),
(5, 'yogi asas', 'yogiasdas@gmail.com', NULL, '$2y$10$gnRHrwLBsLQiLuHjSTKrROyPeVckDcjt5ryuXsOtCK2FBkZ2359OW', NULL, '2020-01-03 04:54:23', '2020-01-03 04:54:23'),
(6, 'sherlock homes', 'raju22@gmail.com', NULL, '$2y$10$KgJ.Nsry21.yNGv7KgwLMOohDgxz9OapnQM2Gn0SX3wFSiAgbUYIK', NULL, '2020-01-03 04:59:56', '2020-01-03 04:59:56'),
(7, 'yogi ratudi', 'yogi2203@gmail.com', NULL, '$2y$10$upzQL0o7hJwdv5TBUuEE0et1.XZzC.RBxFGWv55ZPSCKMFD55rr6S', NULL, '2020-01-03 05:03:35', '2020-01-03 05:03:35'),
(8, 'Ashish Deora', 'ashish@example.com', NULL, '$2y$10$25Wles76UafTd6ihGgCsAex/G8tESgDV9tPUjftTS.Bp1J3jqH.Ru', NULL, '2020-01-03 07:36:11', '2020-01-03 07:36:11'),
(9, 'AShish Deora', 'ashish@example1.com', NULL, '$2y$10$iNPYpOC1Sz3S8MR7aYvdEeOMk1BZs0oBAWW5gga.TEH1QczZ7yRGK', NULL, '2020-01-03 07:45:42', '2020-01-03 07:45:42'),
(10, 'yo asdasda', 'asdasd@asda.asd', NULL, '$2y$10$IS0XOeARV2lG6yMOrCMYruQk5LyHXQa5V6hWMXjlYntIJUijbeTHG', NULL, '2020-01-03 23:23:36', '2020-01-03 23:23:36'),
(11, 'noob yogi', 'noobyogi23@gmail.com', NULL, '$2y$10$V6tVjnercNXO9O4HCS00gORLYtp/CXv6iAnAnPnO2KqJZlwA721da', NULL, '2020-01-03 23:31:50', '2020-01-03 23:31:50'),
(12, 'yash chopra', 'yash.chopra@gmail.com', NULL, '$2y$10$Esol2e/eA2r/wibLa1v98uFujaf8xaBFEaUQa4dlTZ0AVt5W5CHFi', NULL, '2020-01-04 06:18:41', '2020-01-04 06:18:41'),
(13, 'yash chopra', 'yash22@gmail.com', NULL, '$2y$10$MD8WpNd1tLw9p30NiRuCcunP.Ff4u82lDUMlFF/mJALlHUAjTvliW', NULL, '2020-01-04 06:26:23', '2020-01-04 06:26:23'),
(14, 'yogesh chopra', 'yogi.chopra17@gmail.com', NULL, '$2y$10$FjYxh87cUO43BUoE4YjXL.35OeIy4A7M/xS2EfdRBaBgGabyMjtL2', NULL, '2020-01-04 06:28:14', '2020-01-04 06:28:14'),
(15, 'raj kumar', 'oyeraju@gmail.com', NULL, '$2y$10$NbXAZMN1oWfwyhh0U6dAz.o6/rJHShinWbdMGbdGn2cV8io7nkEle', NULL, '2020-01-06 00:28:37', '2020-01-06 00:28:37'),
(16, 'yogi ratudi', 'yogi22032@gmail.com', NULL, '$2y$10$7xbYpK2tts0Nnki.1z5udevYKnzsH/pIcnJgaIPn9TFACio4tldaO', NULL, '2020-01-06 04:30:09', '2020-01-06 04:30:09'),
(17, 'yogi asdasd', 'asd.asdas12@gmail.com', NULL, '$2y$10$y0XU3xrU3tvdDlWeUOVR2uZdN/vQhPqaP67cu2GH4D0ut2n3Cd9e.', NULL, '2020-01-06 05:05:22', '2020-01-06 05:05:22'),
(18, 'yash asdads', 'asd.asdasd12@gmail.com', NULL, '$2y$10$APB4C/kh26k3G5sTThvu0.uwttJ4tzo7D9oD4LsO2KFV7W6MHipVG', NULL, '2020-01-06 05:51:00', '2020-01-06 05:51:00'),
(19, 'asd dsf', 'asd.dsf@gmail.com', NULL, '$2y$10$3sunZl/8oMoqWhJ6hgDEme7n2TBrD8HQlo00CXKXFAqNI2hSLn39q', NULL, '2020-01-06 05:55:59', '2020-01-06 05:55:59'),
(20, 'xyz abc', 'xyz.abc@gmail.com', NULL, '$2y$10$9VYyRDnM0a7yCfBa9XKsMuypBytcrojGQboBVOYpchGRsaEsEOXPa', NULL, '2020-01-07 06:05:07', '2020-01-07 06:05:07'),
(21, 'asda asdasd', 'asd.asd@sad.casd', NULL, '$2y$10$sjwMkvMSoXQyqdgcHTuzNuwM9kbYBmHuFwLh02mlPMYafexpOQLcW', NULL, '2020-01-07 06:34:40', '2020-01-07 06:34:40'),
(22, 'yogi kapoor', 'yogi.kapoor@gmail.com', NULL, '$2y$10$kvj4kMWJlOv999SL15s1uuZEZ0HqltlefygFWOQCw54jNqS71.yVK', NULL, '2020-01-07 23:04:35', '2020-01-07 23:04:35'),
(23, 'yash raj', 'yash.raj@gmail.com', NULL, '$2y$10$s/8N1huRngwDQEiMV62tBO8QRPhpvkeYzrUyu3RP6JQQbCAdhFgA.', NULL, '2020-01-08 00:52:08', '2020-01-08 00:52:08');

--
-- Indexes for dumped tables
--

--
-- Indexes for table `failed_jobs`
--
ALTER TABLE `failed_jobs`
  ADD PRIMARY KEY (`id`);

--
-- Indexes for table `migrations`
--
ALTER TABLE `migrations`
  ADD PRIMARY KEY (`id`);

--
-- Indexes for table `password_resets`
--
ALTER TABLE `password_resets`
  ADD KEY `password_resets_email_index` (`email`);

--
-- Indexes for table `tasks`
--
ALTER TABLE `tasks`
  ADD PRIMARY KEY (`id`),
  ADD KEY `tasks_user_id_foreign` (`user_id`);

--
-- Indexes for table `users`
--
ALTER TABLE `users`
  ADD PRIMARY KEY (`id`),
  ADD UNIQUE KEY `users_email_unique` (`email`);

--
-- AUTO_INCREMENT for dumped tables
--

--
-- AUTO_INCREMENT for table `failed_jobs`
--
ALTER TABLE `failed_jobs`
  MODIFY `id` bigint(20) UNSIGNED NOT NULL AUTO_INCREMENT;

--
-- AUTO_INCREMENT for table `migrations`
--
ALTER TABLE `migrations`
  MODIFY `id` int(10) UNSIGNED NOT NULL AUTO_INCREMENT, AUTO_INCREMENT=8;

--
-- AUTO_INCREMENT for table `tasks`
--
ALTER TABLE `tasks`
  MODIFY `id` bigint(20) UNSIGNED NOT NULL AUTO_INCREMENT, AUTO_INCREMENT=20;

--
-- AUTO_INCREMENT for table `users`
--
ALTER TABLE `users`
  MODIFY `id` bigint(20) UNSIGNED NOT NULL AUTO_INCREMENT, AUTO_INCREMENT=24;

--
-- Constraints for dumped tables
--

--
-- Constraints for table `tasks`
--
ALTER TABLE `tasks`
  ADD CONSTRAINT `tasks_user_id_foreign` FOREIGN KEY (`user_id`) REFERENCES `users` (`id`);
--
-- Database: `phpmyadmin`
--
CREATE DATABASE IF NOT EXISTS `phpmyadmin` DEFAULT CHARACTER SET utf8 COLLATE utf8_bin;
USE `phpmyadmin`;

-- --------------------------------------------------------

--
-- Table structure for table `pma__bookmark`
--

CREATE TABLE `pma__bookmark` (
  `id` int(10) UNSIGNED NOT NULL,
  `dbase` varchar(255) COLLATE utf8_bin NOT NULL DEFAULT '',
  `user` varchar(255) COLLATE utf8_bin NOT NULL DEFAULT '',
  `label` varchar(255) CHARACTER SET utf8 NOT NULL DEFAULT '',
  `query` text COLLATE utf8_bin NOT NULL
) ENGINE=InnoDB DEFAULT CHARSET=utf8 COLLATE=utf8_bin COMMENT='Bookmarks';

-- --------------------------------------------------------

--
-- Table structure for table `pma__central_columns`
--

CREATE TABLE `pma__central_columns` (
  `db_name` varchar(64) COLLATE utf8_bin NOT NULL,
  `col_name` varchar(64) COLLATE utf8_bin NOT NULL,
  `col_type` varchar(64) COLLATE utf8_bin NOT NULL,
  `col_length` text COLLATE utf8_bin DEFAULT NULL,
  `col_collation` varchar(64) COLLATE utf8_bin NOT NULL,
  `col_isNull` tinyint(1) NOT NULL,
  `col_extra` varchar(255) COLLATE utf8_bin DEFAULT '',
  `col_default` text COLLATE utf8_bin DEFAULT NULL
) ENGINE=InnoDB DEFAULT CHARSET=utf8 COLLATE=utf8_bin COMMENT='Central list of columns';

-- --------------------------------------------------------

--
-- Table structure for table `pma__column_info`
--

CREATE TABLE `pma__column_info` (
  `id` int(5) UNSIGNED NOT NULL,
  `db_name` varchar(64) COLLATE utf8_bin NOT NULL DEFAULT '',
  `table_name` varchar(64) COLLATE utf8_bin NOT NULL DEFAULT '',
  `column_name` varchar(64) COLLATE utf8_bin NOT NULL DEFAULT '',
  `comment` varchar(255) CHARACTER SET utf8 NOT NULL DEFAULT '',
  `mimetype` varchar(255) CHARACTER SET utf8 NOT NULL DEFAULT '',
  `transformation` varchar(255) COLLATE utf8_bin NOT NULL DEFAULT '',
  `transformation_options` varchar(255) COLLATE utf8_bin NOT NULL DEFAULT '',
  `input_transformation` varchar(255) COLLATE utf8_bin NOT NULL DEFAULT '',
  `input_transformation_options` varchar(255) COLLATE utf8_bin NOT NULL DEFAULT ''
) ENGINE=InnoDB DEFAULT CHARSET=utf8 COLLATE=utf8_bin COMMENT='Column information for phpMyAdmin';

-- --------------------------------------------------------

--
-- Table structure for table `pma__designer_settings`
--

CREATE TABLE `pma__designer_settings` (
  `username` varchar(64) COLLATE utf8_bin NOT NULL,
  `settings_data` text COLLATE utf8_bin NOT NULL
) ENGINE=InnoDB DEFAULT CHARSET=utf8 COLLATE=utf8_bin COMMENT='Settings related to Designer';

-- --------------------------------------------------------

--
-- Table structure for table `pma__export_templates`
--

CREATE TABLE `pma__export_templates` (
  `id` int(5) UNSIGNED NOT NULL,
  `username` varchar(64) COLLATE utf8_bin NOT NULL,
  `export_type` varchar(10) COLLATE utf8_bin NOT NULL,
  `template_name` varchar(64) COLLATE utf8_bin NOT NULL,
  `template_data` text COLLATE utf8_bin NOT NULL
) ENGINE=InnoDB DEFAULT CHARSET=utf8 COLLATE=utf8_bin COMMENT='Saved export templates';

-- --------------------------------------------------------

--
-- Table structure for table `pma__favorite`
--

CREATE TABLE `pma__favorite` (
  `username` varchar(64) COLLATE utf8_bin NOT NULL,
  `tables` text COLLATE utf8_bin NOT NULL
) ENGINE=InnoDB DEFAULT CHARSET=utf8 COLLATE=utf8_bin COMMENT='Favorite tables';

-- --------------------------------------------------------

--
-- Table structure for table `pma__history`
--

CREATE TABLE `pma__history` (
  `id` bigint(20) UNSIGNED NOT NULL,
  `username` varchar(64) COLLATE utf8_bin NOT NULL DEFAULT '',
  `db` varchar(64) COLLATE utf8_bin NOT NULL DEFAULT '',
  `table` varchar(64) COLLATE utf8_bin NOT NULL DEFAULT '',
  `timevalue` timestamp NOT NULL DEFAULT current_timestamp(),
  `sqlquery` text COLLATE utf8_bin NOT NULL
) ENGINE=InnoDB DEFAULT CHARSET=utf8 COLLATE=utf8_bin COMMENT='SQL history for phpMyAdmin';

-- --------------------------------------------------------

--
-- Table structure for table `pma__navigationhiding`
--

CREATE TABLE `pma__navigationhiding` (
  `username` varchar(64) COLLATE utf8_bin NOT NULL,
  `item_name` varchar(64) COLLATE utf8_bin NOT NULL,
  `item_type` varchar(64) COLLATE utf8_bin NOT NULL,
  `db_name` varchar(64) COLLATE utf8_bin NOT NULL,
  `table_name` varchar(64) COLLATE utf8_bin NOT NULL
) ENGINE=InnoDB DEFAULT CHARSET=utf8 COLLATE=utf8_bin COMMENT='Hidden items of navigation tree';

-- --------------------------------------------------------

--
-- Table structure for table `pma__pdf_pages`
--

CREATE TABLE `pma__pdf_pages` (
  `db_name` varchar(64) COLLATE utf8_bin NOT NULL DEFAULT '',
  `page_nr` int(10) UNSIGNED NOT NULL,
  `page_descr` varchar(50) CHARACTER SET utf8 NOT NULL DEFAULT ''
) ENGINE=InnoDB DEFAULT CHARSET=utf8 COLLATE=utf8_bin COMMENT='PDF relation pages for phpMyAdmin';

-- --------------------------------------------------------

--
-- Table structure for table `pma__recent`
--

CREATE TABLE `pma__recent` (
  `username` varchar(64) COLLATE utf8_bin NOT NULL,
  `tables` text COLLATE utf8_bin NOT NULL
) ENGINE=InnoDB DEFAULT CHARSET=utf8 COLLATE=utf8_bin COMMENT='Recently accessed tables';

--
-- Dumping data for table `pma__recent`
--

INSERT INTO `pma__recent` (`username`, `tables`) VALUES
('root', '[{\"db\":\"eapi\",\"table\":\"reviews\"},{\"db\":\"eapi\",\"table\":\"products\"},{\"db\":\"lartasks\",\"table\":\"tasks\"},{\"db\":\"lartasks\",\"table\":\"users\"}]');

-- --------------------------------------------------------

--
-- Table structure for table `pma__relation`
--

CREATE TABLE `pma__relation` (
  `master_db` varchar(64) COLLATE utf8_bin NOT NULL DEFAULT '',
  `master_table` varchar(64) COLLATE utf8_bin NOT NULL DEFAULT '',
  `master_field` varchar(64) COLLATE utf8_bin NOT NULL DEFAULT '',
  `foreign_db` varchar(64) COLLATE utf8_bin NOT NULL DEFAULT '',
  `foreign_table` varchar(64) COLLATE utf8_bin NOT NULL DEFAULT '',
  `foreign_field` varchar(64) COLLATE utf8_bin NOT NULL DEFAULT ''
) ENGINE=InnoDB DEFAULT CHARSET=utf8 COLLATE=utf8_bin COMMENT='Relation table';

-- --------------------------------------------------------

--
-- Table structure for table `pma__savedsearches`
--

CREATE TABLE `pma__savedsearches` (
  `id` int(5) UNSIGNED NOT NULL,
  `username` varchar(64) COLLATE utf8_bin NOT NULL DEFAULT '',
  `db_name` varchar(64) COLLATE utf8_bin NOT NULL DEFAULT '',
  `search_name` varchar(64) COLLATE utf8_bin NOT NULL DEFAULT '',
  `search_data` text COLLATE utf8_bin NOT NULL
) ENGINE=InnoDB DEFAULT CHARSET=utf8 COLLATE=utf8_bin COMMENT='Saved searches';

-- --------------------------------------------------------

--
-- Table structure for table `pma__table_coords`
--

CREATE TABLE `pma__table_coords` (
  `db_name` varchar(64) COLLATE utf8_bin NOT NULL DEFAULT '',
  `table_name` varchar(64) COLLATE utf8_bin NOT NULL DEFAULT '',
  `pdf_page_number` int(11) NOT NULL DEFAULT 0,
  `x` float UNSIGNED NOT NULL DEFAULT 0,
  `y` float UNSIGNED NOT NULL DEFAULT 0
) ENGINE=InnoDB DEFAULT CHARSET=utf8 COLLATE=utf8_bin COMMENT='Table coordinates for phpMyAdmin PDF output';

-- --------------------------------------------------------

--
-- Table structure for table `pma__table_info`
--

CREATE TABLE `pma__table_info` (
  `db_name` varchar(64) COLLATE utf8_bin NOT NULL DEFAULT '',
  `table_name` varchar(64) COLLATE utf8_bin NOT NULL DEFAULT '',
  `display_field` varchar(64) COLLATE utf8_bin NOT NULL DEFAULT ''
) ENGINE=InnoDB DEFAULT CHARSET=utf8 COLLATE=utf8_bin COMMENT='Table information for phpMyAdmin';

-- --------------------------------------------------------

--
-- Table structure for table `pma__table_uiprefs`
--

CREATE TABLE `pma__table_uiprefs` (
  `username` varchar(64) COLLATE utf8_bin NOT NULL,
  `db_name` varchar(64) COLLATE utf8_bin NOT NULL,
  `table_name` varchar(64) COLLATE utf8_bin NOT NULL,
  `prefs` text COLLATE utf8_bin NOT NULL,
  `last_update` timestamp NOT NULL DEFAULT current_timestamp() ON UPDATE current_timestamp()
) ENGINE=InnoDB DEFAULT CHARSET=utf8 COLLATE=utf8_bin COMMENT='Tables'' UI preferences';

-- --------------------------------------------------------

--
-- Table structure for table `pma__tracking`
--

CREATE TABLE `pma__tracking` (
  `db_name` varchar(64) COLLATE utf8_bin NOT NULL,
  `table_name` varchar(64) COLLATE utf8_bin NOT NULL,
  `version` int(10) UNSIGNED NOT NULL,
  `date_created` datetime NOT NULL,
  `date_updated` datetime NOT NULL,
  `schema_snapshot` text COLLATE utf8_bin NOT NULL,
  `schema_sql` text COLLATE utf8_bin DEFAULT NULL,
  `data_sql` longtext COLLATE utf8_bin DEFAULT NULL,
  `tracking` set('UPDATE','REPLACE','INSERT','DELETE','TRUNCATE','CREATE DATABASE','ALTER DATABASE','DROP DATABASE','CREATE TABLE','ALTER TABLE','RENAME TABLE','DROP TABLE','CREATE INDEX','DROP INDEX','CREATE VIEW','ALTER VIEW','DROP VIEW') COLLATE utf8_bin DEFAULT NULL,
  `tracking_active` int(1) UNSIGNED NOT NULL DEFAULT 1
) ENGINE=InnoDB DEFAULT CHARSET=utf8 COLLATE=utf8_bin COMMENT='Database changes tracking for phpMyAdmin';

-- --------------------------------------------------------

--
-- Table structure for table `pma__userconfig`
--

CREATE TABLE `pma__userconfig` (
  `username` varchar(64) COLLATE utf8_bin NOT NULL,
  `timevalue` timestamp NOT NULL DEFAULT current_timestamp() ON UPDATE current_timestamp(),
  `config_data` text COLLATE utf8_bin NOT NULL
) ENGINE=InnoDB DEFAULT CHARSET=utf8 COLLATE=utf8_bin COMMENT='User preferences storage for phpMyAdmin';

--
-- Dumping data for table `pma__userconfig`
--

INSERT INTO `pma__userconfig` (`username`, `timevalue`, `config_data`) VALUES
('root', '2020-01-14 10:54:43', '{\"Console\\/Mode\":\"collapse\",\"NavigationWidth\":0}');

-- --------------------------------------------------------

--
-- Table structure for table `pma__usergroups`
--

CREATE TABLE `pma__usergroups` (
  `usergroup` varchar(64) COLLATE utf8_bin NOT NULL,
  `tab` varchar(64) COLLATE utf8_bin NOT NULL,
  `allowed` enum('Y','N') COLLATE utf8_bin NOT NULL DEFAULT 'N'
) ENGINE=InnoDB DEFAULT CHARSET=utf8 COLLATE=utf8_bin COMMENT='User groups with configured menu items';

-- --------------------------------------------------------

--
-- Table structure for table `pma__users`
--

CREATE TABLE `pma__users` (
  `username` varchar(64) COLLATE utf8_bin NOT NULL,
  `usergroup` varchar(64) COLLATE utf8_bin NOT NULL
) ENGINE=InnoDB DEFAULT CHARSET=utf8 COLLATE=utf8_bin COMMENT='Users and their assignments to user groups';

--
-- Indexes for dumped tables
--

--
-- Indexes for table `pma__bookmark`
--
ALTER TABLE `pma__bookmark`
  ADD PRIMARY KEY (`id`);

--
-- Indexes for table `pma__central_columns`
--
ALTER TABLE `pma__central_columns`
  ADD PRIMARY KEY (`db_name`,`col_name`);

--
-- Indexes for table `pma__column_info`
--
ALTER TABLE `pma__column_info`
  ADD PRIMARY KEY (`id`),
  ADD UNIQUE KEY `db_name` (`db_name`,`table_name`,`column_name`);

--
-- Indexes for table `pma__designer_settings`
--
ALTER TABLE `pma__designer_settings`
  ADD PRIMARY KEY (`username`);

--
-- Indexes for table `pma__export_templates`
--
ALTER TABLE `pma__export_templates`
  ADD PRIMARY KEY (`id`),
  ADD UNIQUE KEY `u_user_type_template` (`username`,`export_type`,`template_name`);

--
-- Indexes for table `pma__favorite`
--
ALTER TABLE `pma__favorite`
  ADD PRIMARY KEY (`username`);

--
-- Indexes for table `pma__history`
--
ALTER TABLE `pma__history`
  ADD PRIMARY KEY (`id`),
  ADD KEY `username` (`username`,`db`,`table`,`timevalue`);

--
-- Indexes for table `pma__navigationhiding`
--
ALTER TABLE `pma__navigationhiding`
  ADD PRIMARY KEY (`username`,`item_name`,`item_type`,`db_name`,`table_name`);

--
-- Indexes for table `pma__pdf_pages`
--
ALTER TABLE `pma__pdf_pages`
  ADD PRIMARY KEY (`page_nr`),
  ADD KEY `db_name` (`db_name`);

--
-- Indexes for table `pma__recent`
--
ALTER TABLE `pma__recent`
  ADD PRIMARY KEY (`username`);

--
-- Indexes for table `pma__relation`
--
ALTER TABLE `pma__relation`
  ADD PRIMARY KEY (`master_db`,`master_table`,`master_field`),
  ADD KEY `foreign_field` (`foreign_db`,`foreign_table`);

--
-- Indexes for table `pma__savedsearches`
--
ALTER TABLE `pma__savedsearches`
  ADD PRIMARY KEY (`id`),
  ADD UNIQUE KEY `u_savedsearches_username_dbname` (`username`,`db_name`,`search_name`);

--
-- Indexes for table `pma__table_coords`
--
ALTER TABLE `pma__table_coords`
  ADD PRIMARY KEY (`db_name`,`table_name`,`pdf_page_number`);

--
-- Indexes for table `pma__table_info`
--
ALTER TABLE `pma__table_info`
  ADD PRIMARY KEY (`db_name`,`table_name`);

--
-- Indexes for table `pma__table_uiprefs`
--
ALTER TABLE `pma__table_uiprefs`
  ADD PRIMARY KEY (`username`,`db_name`,`table_name`);

--
-- Indexes for table `pma__tracking`
--
ALTER TABLE `pma__tracking`
  ADD PRIMARY KEY (`db_name`,`table_name`,`version`);

--
-- Indexes for table `pma__userconfig`
--
ALTER TABLE `pma__userconfig`
  ADD PRIMARY KEY (`username`);

--
-- Indexes for table `pma__usergroups`
--
ALTER TABLE `pma__usergroups`
  ADD PRIMARY KEY (`usergroup`,`tab`,`allowed`);

--
-- Indexes for table `pma__users`
--
ALTER TABLE `pma__users`
  ADD PRIMARY KEY (`username`,`usergroup`);

--
-- AUTO_INCREMENT for dumped tables
--

--
-- AUTO_INCREMENT for table `pma__bookmark`
--
ALTER TABLE `pma__bookmark`
  MODIFY `id` int(10) UNSIGNED NOT NULL AUTO_INCREMENT;

--
-- AUTO_INCREMENT for table `pma__column_info`
--
ALTER TABLE `pma__column_info`
  MODIFY `id` int(5) UNSIGNED NOT NULL AUTO_INCREMENT;

--
-- AUTO_INCREMENT for table `pma__export_templates`
--
ALTER TABLE `pma__export_templates`
  MODIFY `id` int(5) UNSIGNED NOT NULL AUTO_INCREMENT;

--
-- AUTO_INCREMENT for table `pma__history`
--
ALTER TABLE `pma__history`
  MODIFY `id` bigint(20) UNSIGNED NOT NULL AUTO_INCREMENT;

--
-- AUTO_INCREMENT for table `pma__pdf_pages`
--
ALTER TABLE `pma__pdf_pages`
  MODIFY `page_nr` int(10) UNSIGNED NOT NULL AUTO_INCREMENT;

--
-- AUTO_INCREMENT for table `pma__savedsearches`
--
ALTER TABLE `pma__savedsearches`
  MODIFY `id` int(5) UNSIGNED NOT NULL AUTO_INCREMENT;
--
-- Database: `test`
--
CREATE DATABASE IF NOT EXISTS `test` DEFAULT CHARACTER SET latin1 COLLATE latin1_swedish_ci;
USE `test`;
COMMIT;

/*!40101 SET CHARACTER_SET_CLIENT=@OLD_CHARACTER_SET_CLIENT */;
/*!40101 SET CHARACTER_SET_RESULTS=@OLD_CHARACTER_SET_RESULTS */;
/*!40101 SET COLLATION_CONNECTION=@OLD_COLLATION_CONNECTION */;
